{"stats":{"minecraft:killed_by":{"mozombies_wave:zombie_chef":1,"minecraft:zombie":2},"minecraft:picked_up":{"minecraft:birch_log":1,"minecraft:raw_iron":7,"minecraft:stick":3,"minecraft:crafting_table":3,"minecraft:andesite":19,"minecraft:gravel":30,"minecraft:sand":1,"minecraft:oak_log":4,"scguns:raw_anthralite":1,"minecraft:dirt":1,"minecraft:granite":13,"minecraft:sugar_cane":3,"minecraft:cobblestone":188},"minecraft:mined":{"minecraft:iron_ore":7,"minecraft:birch_log":1,"minecraft:andesite":19,"minecraft:crafting_table":3,"minecraft:granite":13,"minecraft:oak_log":4,"minecraft:dirt":1,"minecraft:gravel":30,"minecraft:sand":1,"minecraft:cobblestone":2,"minecraft:stone":186,"minecraft:sugar_cane":1,"scguns:anthralite_ore":1},"minecraft:killed":{"hordes:zombie_player":1},"minecraft:crafted":{"minecraft:oak_planks":16,"scguns:pebbles":24,"minecraft:crafting_table":1,"minecraft:stick":8,"minecraft:iron_pickaxe":1,"minecraft:iron_ingot":3,"minecraft:wooden_pickaxe":1,"minecraft:stone_pickaxe":2,"minecraft:furnace":1,"minecraft:stone_axe":1,"minecraft:air":0},"minecraft:broken":{"minecraft:stone_pickaxe":1},"minecraft:custom":{"minecraft:time_since_rest":17749,"minecraft:interact_with_furnace":1,"minecraft:sprint_one_cm":11037,"minecraft:damage_taken":855,"minecraft:walk_one_cm":22353,"minecraft:mob_kills":1,"minecraft:damage_dealt":188,"minecraft:swim_one_cm":907,"minecraft:fly_one_cm":25937,"minecraft:interact_with_crafting_table":7,"minecraft:crouch_one_cm":4251,"minecraft:play_time":49401,"minecraft:deaths":3,"minecraft:sneak_time":2946,"minecraft:walk_under_water_one_cm":2149,"minecraft:jump":152,"minecraft:leave_game":3,"minecraft:walk_on_water_one_cm":8420,"minecraft:time_since_death":17654,"minecraft:total_world_time":49401,"minecraft:fall_one_cm":2134},"minecraft:used":{"minecraft:stone_pickaxe":215,"minecraft:iron_pickaxe":14,"minecraft:wooden_pickaxe":12,"minecraft:gravel":24,"minecraft:stone_axe":2,"minecraft:dirt":1,"minecraft:sand":1,"minecraft:cobblestone":8,"minecraft:crafting_table":4,"minecraft:furnace":1,"minecraft:andesite":19,"minecraft:granite":3}},"DataVersion":3465}