{"stats":{"minecraft:killed_by":{"mozombies_wave:zombie_chef":1,"minecraft:zombie":2},"minecraft:crafted":{"minecraft:oak_planks":16,"scguns:pebbles":24,"minecraft:crafting_table":1,"minecraft:stick":4,"minecraft:wooden_pickaxe":1,"minecraft:stone_pickaxe":1,"minecraft:stone_axe":1},"minecraft:mined":{"minecraft:birch_log":1,"minecraft:andesite":16,"minecraft:crafting_table":2,"minecraft:oak_log":4,"minecraft:gravel":30,"minecraft:sand":1,"minecraft:stone":88,"minecraft:sugar_cane":1},"minecraft:killed":{"hordes:zombie_player":1},"minecraft:used":{"minecraft:stone_pickaxe":104,"minecraft:wooden_pickaxe":12,"minecraft:gravel":24,"minecraft:stone_axe":1,"minecraft:sand":1,"minecraft:cobblestone":3,"minecraft:crafting_table":2},"minecraft:custom":{"minecraft:time_since_rest":6584,"minecraft:sprint_one_cm":11037,"minecraft:damage_taken":845,"minecraft:walk_one_cm":15881,"minecraft:mob_kills":1,"minecraft:damage_dealt":188,"minecraft:fly_one_cm":25937,"minecraft:interact_with_crafting_table":3,"minecraft:crouch_one_cm":2719,"minecraft:play_time":38236,"minecraft:deaths":3,"minecraft:sneak_time":1852,"minecraft:jump":125,"minecraft:leave_game":2,"minecraft:time_since_death":6489,"minecraft:total_world_time":38236,"minecraft:fall_one_cm":2134},"minecraft:picked_up":{"minecraft:birch_log":1,"minecraft:stick":3,"minecraft:crafting_table":2,"minecraft:andesite":16,"minecraft:gravel":30,"minecraft:sand":1,"minecraft:oak_log":4,"minecraft:sugar_cane":3,"minecraft:cobblestone":88}},"DataVersion":3465}