{"stats":{"minecraft:killed_by":{"minecraft:zombie":1},"minecraft:mined":{"minecraft:birch_log":1},"minecraft:custom":{"minecraft:jump":20,"minecraft:damage_taken":270,"minecraft:crouch_one_cm":66,"minecraft:leave_game":1,"minecraft:play_time":15316,"minecraft:sprint_one_cm":556,"minecraft:time_since_death":6443,"minecraft:walk_one_cm":3557,"minecraft:deaths":1,"minecraft:sneak_time":32,"minecraft:total_world_time":15316,"minecraft:fall_one_cm":476,"minecraft:fly_one_cm":3227,"minecraft:time_since_rest":7380},"minecraft:picked_up":{"minecraft:birch_log":1}},"DataVersion":3465}