{"stats":{"minecraft:dropped":{"gravestone:obituary":1,"minecraft:sand":2},"minecraft:killed_by":{"minecraft:zombie":2,"mozombies_wave:zombie_chef":1},"minecraft:picked_up":{"minecraft:birch_log":38,"minecraft:crafting_table":5,"minecraft:andesite":19,"scguns:phosphorite":43,"minecraft:flint":1,"minecraft:tuff":3,"minecraft:oak_log":4,"scguns:raw_anthralite":13,"minecraft:dirt":1,"minecraft:raw_copper":2,"minecraft:cobbled_deepslate":28,"minecraft:poppy":5,"minecraft:sugar_cane":3,"minecraft:furnace":2,"minecraft:stick":3,"minecraft:raw_iron":17,"minecraft:dandelion":3,"minecraft:gravel":31,"minecraft:sand":6,"minecraft:diorite":2,"minecraft:granite":14,"minecraft:cobblestone":212},"minecraft:mined":{"minecraft:tuff":7,"minecraft:dandelion":3,"minecraft:crafting_table":5,"minecraft:granite":14,"minecraft:poppy":6,"minecraft:cobblestone":3,"minecraft:copper_ore":1,"minecraft:sugar_cane":1,"minecraft:diorite":2,"minecraft:furnace":2,"minecraft:birch_log":38,"minecraft:iron_ore":7,"minecraft:andesite":19,"minecraft:grass":3,"scguns:deepslate_anthralite_ore":11,"minecraft:oak_log":4,"minecraft:deepslate_iron_ore":6,"minecraft:gravel":32,"minecraft:sand":5,"minecraft:dirt":1,"scguns:phosphorite":43,"minecraft:stone":209,"scguns:anthralite_ore":2,"minecraft:deepslate":28},"minecraft:killed":{"hordes:zombie_player":1},"minecraft:crafted":{"minecraft:glass_bottle":3,"minecraft:oak_planks":16,"scguns:pebbles":24,"minecraft:crafting_table":1,"minecraft:wooden_pickaxe":1,"minecraft:furnace":1,"minecraft:birch_planks":148,"minecraft:stone_axe":1,"minecraft:air":0,"minecraft:glass":3,"minecraft:shield":1,"minecraft:stick":8,"minecraft:iron_ingot":6,"minecraft:iron_pickaxe":1,"minecraft:stone_pickaxe":2},"minecraft:broken":{"minecraft:stone_pickaxe":1},"minecraft:custom":{"minecraft:interact_with_furnace":6,"minecraft:mob_kills":1,"minecraft:interact_with_crafting_table":9,"minecraft:leave_game":3,"minecraft:time_since_death":33666,"minecraft:time_since_rest":33761,"minecraft:sprint_one_cm":31119,"minecraft:damage_taken":855,"minecraft:walk_one_cm":45041,"minecraft:drop":3,"minecraft:damage_dealt":188,"minecraft:swim_one_cm":907,"minecraft:fly_one_cm":50684,"minecraft:crouch_one_cm":6848,"minecraft:play_time":65413,"minecraft:deaths":3,"minecraft:sneak_time":4406,"minecraft:walk_under_water_one_cm":2512,"minecraft:jump":334,"minecraft:walk_on_water_one_cm":10626,"minecraft:total_world_time":65413,"minecraft:fall_one_cm":3597},"minecraft:used":{"minecraft:glass_bottle":4,"minecraft:stone_pickaxe":260,"minecraft:wooden_pickaxe":12,"minecraft:dirt":1,"minecraft:sand":1,"minecraft:crafting_table":6,"minecraft:granite":7,"minecraft:iron_pickaxe":97,"minecraft:gravel":25,"minecraft:stone_axe":45,"minecraft:cobblestone":10,"minecraft:potion":1,"minecraft:furnace":3,"minecraft:andesite":19}},"DataVersion":3465}