{"stats":{"minecraft:dropped":{"gravestone:obituary":1},"minecraft:killed_by":{"mozombies_wave:zombie_chef":1,"minecraft:zombie":2},"minecraft:picked_up":{"minecraft:birch_log":1,"minecraft:raw_iron":11,"minecraft:stick":3,"minecraft:crafting_table":4,"minecraft:andesite":19,"minecraft:gravel":31,"minecraft:flint":1,"minecraft:sand":1,"minecraft:oak_log":4,"minecraft:dirt":1,"scguns:raw_anthralite":1,"minecraft:granite":14,"minecraft:sugar_cane":3,"minecraft:cobblestone":196,"minecraft:furnace":1},"minecraft:mined":{"minecraft:furnace":1,"minecraft:birch_log":1,"minecraft:iron_ore":7,"minecraft:andesite":19,"minecraft:crafting_table":4,"minecraft:granite":14,"minecraft:oak_log":4,"minecraft:gravel":32,"minecraft:sand":1,"minecraft:dirt":1,"minecraft:cobblestone":2,"minecraft:stone":194,"minecraft:sugar_cane":1,"scguns:anthralite_ore":1},"minecraft:killed":{"hordes:zombie_player":1},"minecraft:crafted":{"minecraft:oak_planks":16,"scguns:pebbles":24,"minecraft:crafting_table":1,"minecraft:stick":8,"minecraft:wooden_pickaxe":1,"minecraft:iron_ingot":3,"minecraft:iron_pickaxe":1,"minecraft:stone_pickaxe":2,"minecraft:furnace":1,"minecraft:stone_axe":1,"minecraft:air":0},"minecraft:broken":{"minecraft:stone_pickaxe":1},"minecraft:custom":{"minecraft:time_since_rest":21761,"minecraft:interact_with_furnace":1,"minecraft:sprint_one_cm":13800,"minecraft:damage_taken":855,"minecraft:walk_one_cm":26339,"minecraft:mob_kills":1,"minecraft:drop":1,"minecraft:damage_dealt":188,"minecraft:swim_one_cm":907,"minecraft:interact_with_crafting_table":7,"minecraft:fly_one_cm":25937,"minecraft:crouch_one_cm":4251,"minecraft:play_time":53413,"minecraft:deaths":3,"minecraft:sneak_time":2947,"minecraft:walk_under_water_one_cm":2287,"minecraft:jump":226,"minecraft:leave_game":3,"minecraft:time_since_death":21666,"minecraft:walk_on_water_one_cm":10018,"minecraft:total_world_time":53413,"minecraft:fall_one_cm":2134},"minecraft:used":{"minecraft:stone_pickaxe":225,"minecraft:iron_pickaxe":16,"minecraft:wooden_pickaxe":12,"minecraft:gravel":25,"minecraft:stone_axe":3,"minecraft:dirt":1,"minecraft:sand":1,"minecraft:cobblestone":8,"minecraft:crafting_table":4,"minecraft:furnace":1,"minecraft:andesite":19,"minecraft:granite":6}},"DataVersion":3465}