{"stats":{"minecraft:killed_by":{"mozombies_wave:zombie_chef":1,"minecraft:zombie":2},"minecraft:picked_up":{"minecraft:birch_log":1,"minecraft:stick":3,"minecraft:crafting_table":3,"minecraft:andesite":16,"minecraft:gravel":30,"minecraft:sand":1,"minecraft:oak_log":4,"minecraft:dirt":1,"minecraft:granite":13,"minecraft:sugar_cane":3,"minecraft:cobblestone":117},"minecraft:mined":{"minecraft:birch_log":1,"minecraft:andesite":17,"minecraft:crafting_table":3,"minecraft:granite":13,"minecraft:oak_log":4,"minecraft:dirt":1,"minecraft:gravel":30,"minecraft:sand":1,"minecraft:stone":117,"minecraft:sugar_cane":1},"minecraft:killed":{"hordes:zombie_player":1},"minecraft:crafted":{"minecraft:oak_planks":16,"scguns:pebbles":24,"minecraft:crafting_table":1,"minecraft:stick":8,"minecraft:wooden_pickaxe":1,"minecraft:stone_pickaxe":2,"minecraft:stone_axe":1},"minecraft:broken":{"minecraft:stone_pickaxe":1},"minecraft:custom":{"minecraft:time_since_rest":10956,"minecraft:sprint_one_cm":11037,"minecraft:damage_taken":845,"minecraft:walk_one_cm":18446,"minecraft:mob_kills":1,"minecraft:damage_dealt":188,"minecraft:fly_one_cm":25937,"minecraft:interact_with_crafting_table":5,"minecraft:crouch_one_cm":3040,"minecraft:play_time":42608,"minecraft:deaths":3,"minecraft:sneak_time":2063,"minecraft:jump":144,"minecraft:leave_game":2,"minecraft:walk_on_water_one_cm":35,"minecraft:time_since_death":10861,"minecraft:total_world_time":42608,"minecraft:fall_one_cm":2134},"minecraft:used":{"minecraft:stone_pickaxe":148,"minecraft:wooden_pickaxe":12,"minecraft:gravel":24,"minecraft:stone_axe":2,"minecraft:sand":1,"minecraft:cobblestone":3,"minecraft:crafting_table":3,"minecraft:andesite":3}},"DataVersion":3465}