{"stats":{"minecraft:broken":{"minecraft:stone_pickaxe":2,"minecraft:stone_axe":1},"minecraft:dropped":{"minecraft:porkchop":2,"minecraft:birch_planks":2,"minecraft:mossy_cobblestone":10,"minecraft:granite":7,"minecraft:flint":1,"minecraft:diorite":4,"gravestone:obituary":3,"minecraft:sand":2,"minecraft:white_wool":1,"minecraft:bone":2,"minecraft:furnace":1,"minecraft:iron_nugget":4,"minecraft:raw_copper":2,"minecraft:tuff":12,"minecraft:rotten_flesh":9,"minecraft:wooden_pickaxe":2,"minecraft:beef":3},"minecraft:killed_by":{"minecraft:zombie_villager":1,"minecraft:zombie_horse":4,"minecraft:drowned":1,"mozombies_wave:zombie_chef":2,"minecraft:zoglin":1,"minecraft:zombie":3},"minecraft:killed":{"mozombies_wave:zombie_king":1,"minecraft:zombified_piglin":7,"mozombies_wave:zombie_chef":2,"hordes:zombie_player":3,"minecraft:zoglin":3,"minecraft:zombie_horse":7,"scguns:supply_scamp":1,"minecraft:drowned":1,"minecraft:husk":8,"mozombies_wave:zombie_miner":1,"minecraft:sheep":4,"minecraft:zombie":20,"mozombies_wave:zombie_dwarf":1,"minecraft:cow":4},"minecraft:picked_up":{"minecraft:wooden_axe":1,"minecraft:crafting_table":9,"minecraft:leather_leggings":3,"minecraft:wooden_pickaxe":1,"minecraft:potion":1,"minecraft:gold_block":1,"gravestone:obituary":1,"minecraft:golden_sword":1,"minecraft:shield":2,"scguns:raw_anthralite":84,"minecraft:string":2,"minecraft:raw_copper":2,"minecraft:gold_nugget":1,"minecraft:cobbled_deepslate":133,"minecraft:spruce_planks":5,"minecraft:beef":15,"scguns:ancient_brass":3,"minecraft:iron_nugget":13,"minecraft:poppy":15,"minecraft:iron_pickaxe":2,"minecraft:sugar_cane":9,"minecraft:furnace":8,"minecraft:stick":3,"minecraft:raw_iron":47,"minecraft:copper_ingot":2,"minecraft:torch":128,"minecraft:note_block":1,"minecraft:porkchop":2,"minecraft:diorite":4,"minecraft:golden_chestplate":1,"minecraft:dark_oak_planks":1,"minecraft:honey_bottle":2,"minecraft:rotten_flesh":57,"minecraft:mutton":9,"minecraft:white_wool":6,"minecraft:cobblestone":568,"minecraft:birch_log":38,"minecraft:cooked_beef":2,"minecraft:andesite":19,"minecraft:leather":9,"minecraft:potato":1,"minecraft:birch_planks":340,"scguns:phosphorite":129,"minecraft:flint":2,"minecraft:tuff":12,"minecraft:oak_log":4,"minecraft:gunpowder":25,"minecraft:lapis_lazuli":27,"scguns:pebbles":48,"minecraft:dirt":2,"scguns:anthralite_nugget":3,"scguns:powder_and_ball":21,"minecraft:bone":2,"minecraft:iron_ingot":27,"minecraft:glass_bottle":3,"minecraft:sweet_berries":65,"scguns:copper_blueprint":3,"minecraft:dandelion":9,"minecraft:gravel":31,"minecraft:sand":6,"minecraft:spruce_sapling":1,"minecraft:spruce_log":14,"minecraft:dark_oak_log":10,"minecraft:mossy_cobblestone":11,"travelersbackpack:white_sleeping_bag":4,"minecraft:purple_bed":2,"minecraft:diamond":12,"minecraft:stone_axe":1,"minecraft:granite":14,"minecraft:coal":84,"minecraft:ender_pearl":1},"minecraft:mined":{"minecraft:dark_oak_planks":1,"minecraft:tuff":12,"minecraft:spruce_planks":5,"minecraft:mossy_cobblestone":11,"minecraft:deepslate_diamond_ore":4,"minecraft:dark_oak_log":10,"gravestone:gravestone":4,"minecraft:granite":14,"travelersbackpack:white_sleeping_bag":2,"minecraft:spruce_leaves":1,"minecraft:furnace":5,"minecraft:iron_ore":7,"minecraft:andesite":19,"minecraft:deepslate_lapis_ore":2,"minecraft:gold_block":1,"minecraft:deepslate_iron_ore":16,"scguns:phosphorite":44,"minecraft:stone":221,"minecraft:glass_pane":3,"minecraft:dandelion":3,"minecraft:crafting_table":7,"minecraft:note_block":1,"minecraft:poppy":6,"minecraft:copper_ore":1,"minecraft:cobblestone":24,"minecraft:sugar_cane":1,"minecraft:diorite":2,"minecraft:birch_planks":1,"minecraft:purple_bed":2,"minecraft:birch_log":38,"minecraft:sweet_berry_bush":11,"minecraft:spruce_log":15,"minecraft:birch_leaves":2,"minecraft:grass":3,"minecraft:oak_log":4,"scguns:deepslate_anthralite_ore":26,"minecraft:coal_ore":44,"minecraft:gravel":32,"minecraft:sand":5,"minecraft:dirt":2,"minecraft:cracked_stone_bricks":1,"scguns:anthralite_ore":2,"minecraft:deepslate":45},"minecraft:custom":{"minecraft:mob_kills":132,"minecraft:inspect_hopper":3,"minecraft:interact_with_crafting_table":18,"minecraft:open_barrel":4,"minecraft:damage_dealt_resisted":281,"minecraft:leave_game":6,"minecraft:time_since_death":0,"minecraft:climb_one_cm":16,"minecraft:sprint_one_cm":194790,"minecraft:walk_one_cm":207142,"minecraft:damage_blocked_by_shield":690,"minecraft:drop":25,"minecraft:play_noteblock":1,"minecraft:talked_to_villager":2,"minecraft:play_time":153237,"minecraft:deaths":13,"minecraft:sneak_time":13914,"minecraft:walk_under_water_one_cm":8230,"minecraft:jump":1542,"minecraft:walk_on_water_one_cm":19922,"minecraft:total_world_time":153237,"minecraft:interact_with_furnace":17,"minecraft:sleep_in_bed":5,"minecraft:time_since_rest":143,"minecraft:waystone_activated":1,"minecraft:damage_taken":4269,"minecraft:damage_dealt":10738,"minecraft:swim_one_cm":12737,"minecraft:fly_one_cm":216718,"minecraft:open_chest":25,"minecraft:crouch_one_cm":22216,"minecraft:fall_one_cm":26513},"minecraft:used":{"minecraft:spruce_planks":16,"minecraft:shield":8,"minecraft:iron_sword":92,"minecraft:rotten_flesh":1,"minecraft:torch":1,"minecraft:dirt":1,"minecraft:granite":7,"minecraft:honey_bottle":2,"minecraft:wooden_axe":10,"minecraft:dark_oak_planks":3,"minecraft:beef":2,"minecraft:sweet_berries":25,"minecraft:furnace":6,"minecraft:cooked_beef":7,"minecraft:cobbled_deepslate":3,"minecraft:cooked_mutton":3,"minecraft:leather_leggings":1,"minecraft:birch_planks":12,"minecraft:glass_bottle":25,"minecraft:stone_pickaxe":262,"minecraft:wooden_pickaxe":20,"scguns:phosphorite":3,"minecraft:sand":1,"minecraft:crafting_table":8,"minecraft:spruce_log":1,"minecraft:dark_oak_log":2,"minecraft:iron_pickaxe":237,"travelersbackpack:white_sleeping_bag":3,"minecraft:gravel":25,"minecraft:stone_axe":157,"minecraft:cobblestone":93,"minecraft:potion":24,"minecraft:andesite":19},"minecraft:crafted":{"minecraft:oak_planks":16,"minecraft:furnace":1,"minecraft:cooked_mutton":3,"minecraft:glass":3,"travelersbackpack:white_sleeping_bag":1,"minecraft:stone_pickaxe":3,"minecraft:dark_oak_planks":28,"minecraft:cooked_beef":5,"minecraft:glass_bottle":3,"scguns:pebbles":24,"minecraft:crafting_table":1,"minecraft:spruce_planks":44,"minecraft:wooden_pickaxe":2,"minecraft:iron_sword":1,"minecraft:birch_planks":148,"minecraft:stone_axe":3,"minecraft:air":0,"minecraft:shield":1,"minecraft:stick":36,"minecraft:iron_ingot":13,"minecraft:iron_pickaxe":1,"minecraft:torch":64}},"DataVersion":3465}