{"stats":{"minecraft:dropped":{"minecraft:porkchop":2,"minecraft:birch_planks":2,"minecraft:raw_copper":2,"minecraft:mossy_cobblestone":10,"minecraft:tuff":12,"minecraft:rotten_flesh":1,"minecraft:granite":7,"minecraft:flint":1,"minecraft:diorite":4,"gravestone:obituary":2,"minecraft:sand":2,"minecraft:beef":3},"minecraft:killed_by":{"minecraft:zombie":3,"mozombies_wave:zombie_chef":2},"minecraft:picked_up":{"minecraft:birch_log":38,"minecraft:crafting_table":8,"minecraft:cooked_beef":2,"minecraft:andesite":19,"minecraft:leather_leggings":2,"minecraft:leather":6,"minecraft:potion":1,"minecraft:birch_planks":147,"scguns:phosphorite":86,"minecraft:flint":2,"minecraft:tuff":12,"minecraft:oak_log":4,"gravestone:obituary":1,"minecraft:shield":1,"minecraft:gunpowder":16,"scguns:pebbles":24,"minecraft:lapis_lazuli":18,"scguns:raw_anthralite":56,"minecraft:dirt":1,"scguns:anthralite_nugget":2,"minecraft:raw_copper":2,"scguns:powder_and_ball":14,"minecraft:cobbled_deepslate":89,"minecraft:iron_ingot":15,"minecraft:beef":15,"scguns:ancient_brass":2,"minecraft:poppy":10,"minecraft:iron_pickaxe":1,"minecraft:glass_bottle":1,"minecraft:sugar_cane":6,"minecraft:furnace":5,"minecraft:stick":3,"minecraft:raw_iron":37,"minecraft:torch":64,"scguns:copper_blueprint":2,"minecraft:dandelion":6,"minecraft:gravel":31,"minecraft:porkchop":2,"minecraft:sand":6,"minecraft:diorite":4,"minecraft:dark_oak_log":8,"minecraft:mossy_cobblestone":10,"minecraft:honey_bottle":1,"travelersbackpack:white_sleeping_bag":3,"minecraft:diamond":8,"minecraft:rotten_flesh":2,"minecraft:stone_axe":1,"minecraft:granite":14,"minecraft:mutton":6,"minecraft:coal":45,"minecraft:white_wool":5,"minecraft:cobblestone":394},"minecraft:mined":{"minecraft:tuff":12,"minecraft:mossy_cobblestone":10,"minecraft:dark_oak_log":8,"minecraft:deepslate_diamond_ore":4,"minecraft:dandelion":3,"gravestone:gravestone":1,"minecraft:crafting_table":7,"minecraft:granite":14,"minecraft:poppy":6,"travelersbackpack:white_sleeping_bag":2,"minecraft:cobblestone":15,"minecraft:copper_ore":1,"minecraft:sugar_cane":1,"minecraft:diorite":2,"minecraft:furnace":4,"minecraft:birch_log":38,"minecraft:iron_ore":7,"minecraft:andesite":19,"minecraft:deepslate_lapis_ore":2,"minecraft:grass":3,"minecraft:coal_ore":31,"scguns:deepslate_anthralite_ore":26,"minecraft:oak_log":4,"minecraft:deepslate_iron_ore":16,"minecraft:gravel":32,"minecraft:sand":5,"minecraft:dirt":1,"scguns:phosphorite":43,"minecraft:stone":218,"scguns:anthralite_ore":2,"minecraft:deepslate":45},"minecraft:killed":{"mozombies_wave:zombie_king":1,"mozombies_wave:zombie_chef":2,"hordes:zombie_player":2,"mozombies_wave:zombie_miner":1,"minecraft:sheep":4,"scguns:supply_scamp":1,"minecraft:zombie":2,"mozombies_wave:zombie_dwarf":1,"minecraft:drowned":1,"minecraft:cow":4},"minecraft:crafted":{"minecraft:cooked_beef":3,"minecraft:glass_bottle":3,"minecraft:oak_planks":16,"scguns:pebbles":24,"minecraft:crafting_table":1,"minecraft:wooden_pickaxe":1,"minecraft:furnace":1,"minecraft:birch_planks":148,"minecraft:stone_axe":1,"minecraft:air":0,"minecraft:glass":3,"travelersbackpack:white_sleeping_bag":1,"minecraft:shield":1,"minecraft:stick":24,"minecraft:iron_ingot":13,"minecraft:iron_pickaxe":1,"minecraft:stone_pickaxe":2,"minecraft:torch":64},"minecraft:broken":{"minecraft:stone_pickaxe":2},"minecraft:custom":{"minecraft:interact_with_furnace":10,"minecraft:mob_kills":19,"minecraft:inspect_hopper":3,"minecraft:interact_with_crafting_table":10,"minecraft:open_barrel":4,"minecraft:damage_dealt_resisted":141,"minecraft:leave_game":3,"minecraft:time_since_death":5918,"minecraft:sleep_in_bed":2,"minecraft:time_since_rest":5959,"minecraft:waystone_activated":1,"minecraft:sprint_one_cm":131775,"minecraft:damage_taken":1724,"minecraft:walk_one_cm":138687,"minecraft:damage_blocked_by_shield":45,"minecraft:drop":16,"minecraft:damage_dealt":2941,"minecraft:swim_one_cm":6572,"minecraft:fly_one_cm":161590,"minecraft:crouch_one_cm":12106,"minecraft:play_time":95413,"minecraft:deaths":5,"minecraft:sneak_time":7121,"minecraft:walk_under_water_one_cm":7760,"minecraft:jump":1131,"minecraft:walk_on_water_one_cm":18854,"minecraft:total_world_time":95413,"minecraft:fall_one_cm":18650},"minecraft:used":{"minecraft:leather_leggings":1,"minecraft:glass_bottle":16,"minecraft:shield":1,"minecraft:stone_pickaxe":262,"minecraft:wooden_pickaxe":12,"minecraft:rotten_flesh":1,"minecraft:dirt":1,"minecraft:sand":1,"minecraft:crafting_table":7,"minecraft:granite":7,"minecraft:iron_pickaxe":213,"travelersbackpack:white_sleeping_bag":2,"minecraft:gravel":25,"minecraft:stone_axe":94,"minecraft:cobblestone":53,"minecraft:potion":14,"minecraft:beef":1,"minecraft:furnace":4,"minecraft:andesite":19,"minecraft:cooked_beef":5,"minecraft:cobbled_deepslate":1}},"DataVersion":3465}