{"stats":{"minecraft:killed_by":{"minecraft:zombie":1},"minecraft:mined":{"minecraft:birch_log":1},"minecraft:custom":{"minecraft:jump":29,"minecraft:damage_taken":290,"minecraft:crouch_one_cm":315,"minecraft:leave_game":1,"minecraft:play_time":27316,"minecraft:sprint_one_cm":867,"minecraft:time_since_death":18443,"minecraft:walk_one_cm":4790,"minecraft:deaths":1,"minecraft:sneak_time":106,"minecraft:total_world_time":27316,"minecraft:fall_one_cm":880,"minecraft:fly_one_cm":4450,"minecraft:time_since_rest":19380},"minecraft:picked_up":{"minecraft:birch_log":1}},"DataVersion":3465}