{"stats":{"minecraft:dropped":{"minecraft:tuff":12,"minecraft:granite":7,"minecraft:diorite":4,"gravestone:obituary":1,"minecraft:sand":2},"minecraft:killed_by":{"minecraft:zombie":2,"mozombies_wave:zombie_chef":1},"minecraft:picked_up":{"minecraft:birch_log":38,"minecraft:crafting_table":6,"minecraft:andesite":19,"minecraft:leather_leggings":1,"minecraft:leather":3,"minecraft:birch_planks":9,"scguns:phosphorite":43,"minecraft:flint":1,"minecraft:tuff":12,"minecraft:oak_log":4,"minecraft:gunpowder":8,"minecraft:lapis_lazuli":9,"scguns:raw_anthralite":28,"minecraft:dirt":1,"scguns:anthralite_nugget":1,"minecraft:raw_copper":2,"scguns:powder_and_ball":7,"minecraft:cobbled_deepslate":45,"minecraft:beef":6,"scguns:ancient_brass":1,"minecraft:poppy":5,"minecraft:sugar_cane":3,"minecraft:furnace":3,"minecraft:stick":3,"minecraft:raw_iron":27,"scguns:copper_blueprint":1,"minecraft:dandelion":3,"minecraft:gravel":31,"minecraft:sand":6,"minecraft:diorite":4,"minecraft:mossy_cobblestone":10,"minecraft:diamond":4,"minecraft:rotten_flesh":1,"minecraft:granite":14,"minecraft:coal":1,"minecraft:white_wool":3,"minecraft:cobblestone":214},"minecraft:mined":{"minecraft:tuff":12,"minecraft:mossy_cobblestone":10,"minecraft:deepslate_diamond_ore":4,"minecraft:dandelion":3,"minecraft:crafting_table":6,"minecraft:granite":14,"minecraft:poppy":6,"minecraft:cobblestone":4,"minecraft:copper_ore":1,"minecraft:sugar_cane":1,"minecraft:diorite":2,"minecraft:furnace":3,"minecraft:birch_log":38,"minecraft:iron_ore":7,"minecraft:andesite":19,"minecraft:deepslate_lapis_ore":2,"minecraft:grass":3,"minecraft:coal_ore":1,"scguns:deepslate_anthralite_ore":26,"minecraft:oak_log":4,"minecraft:deepslate_iron_ore":16,"minecraft:gravel":32,"minecraft:sand":5,"minecraft:dirt":1,"scguns:phosphorite":43,"minecraft:stone":210,"scguns:anthralite_ore":2,"minecraft:deepslate":45},"minecraft:killed":{"hordes:zombie_player":1,"minecraft:sheep":3,"scguns:supply_scamp":1,"mozombies_wave:zombie_dwarf":1,"minecraft:drowned":1,"minecraft:cow":4},"minecraft:crafted":{"minecraft:glass_bottle":3,"minecraft:oak_planks":16,"scguns:pebbles":24,"minecraft:crafting_table":1,"minecraft:wooden_pickaxe":1,"minecraft:furnace":1,"minecraft:birch_planks":148,"minecraft:stone_axe":1,"minecraft:air":0,"minecraft:glass":3,"travelersbackpack:white_sleeping_bag":1,"minecraft:shield":1,"minecraft:stick":8,"minecraft:iron_ingot":13,"minecraft:iron_pickaxe":1,"minecraft:stone_pickaxe":2},"minecraft:broken":{"minecraft:stone_pickaxe":2},"minecraft:custom":{"minecraft:interact_with_furnace":8,"minecraft:mob_kills":11,"minecraft:interact_with_crafting_table":10,"minecraft:leave_game":3,"minecraft:time_since_death":45666,"minecraft:time_since_rest":45761,"minecraft:sprint_one_cm":53555,"minecraft:damage_taken":910,"minecraft:walk_one_cm":97274,"minecraft:drop":7,"minecraft:damage_dealt":1164,"minecraft:swim_one_cm":2730,"minecraft:fly_one_cm":62154,"minecraft:crouch_one_cm":10664,"minecraft:play_time":77413,"minecraft:deaths":3,"minecraft:sneak_time":5861,"minecraft:walk_under_water_one_cm":5203,"minecraft:jump":629,"minecraft:walk_on_water_one_cm":14723,"minecraft:total_world_time":77413,"minecraft:fall_one_cm":6144},"minecraft:used":{"minecraft:leather_leggings":1,"minecraft:glass_bottle":8,"minecraft:stone_pickaxe":262,"minecraft:wooden_pickaxe":12,"minecraft:rotten_flesh":1,"minecraft:dirt":1,"minecraft:sand":1,"minecraft:crafting_table":7,"minecraft:granite":7,"minecraft:iron_pickaxe":162,"minecraft:gravel":25,"minecraft:stone_axe":61,"minecraft:cobblestone":45,"minecraft:potion":6,"minecraft:beef":1,"minecraft:furnace":4,"minecraft:andesite":19,"minecraft:cobbled_deepslate":1}},"DataVersion":3465}