{"stats":{"minecraft:dropped":{"minecraft:birch_planks":2,"minecraft:porkchop":2,"minecraft:mossy_cobblestone":10,"minecraft:granite":7,"minecraft:flint":1,"minecraft:diorite":4,"gravestone:obituary":2,"minecraft:sand":2,"minecraft:white_wool":1,"minecraft:bone":2,"minecraft:furnace":1,"minecraft:iron_nugget":4,"minecraft:raw_copper":2,"minecraft:tuff":12,"minecraft:rotten_flesh":9,"minecraft:beef":3,"minecraft:wooden_pickaxe":2},"minecraft:killed_by":{"mozombies_wave:zombie_chef":2,"minecraft:zombie":3},"minecraft:picked_up":{"minecraft:crafting_table":9,"minecraft:leather_leggings":3,"minecraft:wooden_pickaxe":1,"minecraft:gold_block":1,"minecraft:potion":1,"gravestone:obituary":1,"minecraft:shield":2,"scguns:raw_anthralite":84,"minecraft:raw_copper":2,"minecraft:cobbled_deepslate":133,"minecraft:spruce_planks":3,"minecraft:beef":15,"scguns:ancient_brass":3,"minecraft:iron_nugget":4,"minecraft:poppy":15,"minecraft:iron_pickaxe":2,"minecraft:sugar_cane":9,"minecraft:furnace":8,"minecraft:stick":3,"minecraft:raw_iron":47,"minecraft:torch":128,"minecraft:note_block":1,"minecraft:porkchop":2,"minecraft:diorite":4,"minecraft:honey_bottle":2,"minecraft:rotten_flesh":10,"minecraft:mutton":9,"minecraft:white_wool":6,"minecraft:cobblestone":564,"minecraft:birch_log":38,"minecraft:cooked_beef":2,"minecraft:andesite":19,"minecraft:leather":9,"minecraft:potato":1,"minecraft:birch_planks":275,"scguns:phosphorite":129,"minecraft:flint":2,"minecraft:tuff":12,"minecraft:oak_log":4,"minecraft:gunpowder":24,"scguns:pebbles":48,"minecraft:lapis_lazuli":27,"minecraft:dirt":1,"scguns:anthralite_nugget":3,"scguns:powder_and_ball":21,"minecraft:bone":2,"minecraft:iron_ingot":27,"minecraft:glass_bottle":3,"minecraft:sweet_berries":65,"minecraft:dandelion":9,"scguns:copper_blueprint":3,"minecraft:gravel":31,"minecraft:sand":6,"minecraft:spruce_log":11,"minecraft:dark_oak_log":8,"minecraft:mossy_cobblestone":10,"travelersbackpack:white_sleeping_bag":4,"minecraft:purple_bed":2,"minecraft:diamond":12,"minecraft:stone_axe":1,"minecraft:granite":14,"minecraft:coal":84,"minecraft:ender_pearl":1},"minecraft:mined":{"minecraft:tuff":12,"minecraft:spruce_planks":3,"minecraft:mossy_cobblestone":10,"minecraft:deepslate_diamond_ore":4,"minecraft:dark_oak_log":8,"gravestone:gravestone":1,"minecraft:granite":14,"travelersbackpack:white_sleeping_bag":2,"minecraft:spruce_leaves":1,"minecraft:furnace":5,"minecraft:iron_ore":7,"minecraft:andesite":19,"minecraft:deepslate_lapis_ore":2,"minecraft:gold_block":1,"minecraft:deepslate_iron_ore":16,"scguns:phosphorite":44,"minecraft:stone":221,"minecraft:glass_pane":1,"minecraft:dandelion":3,"minecraft:crafting_table":7,"minecraft:note_block":1,"minecraft:poppy":6,"minecraft:copper_ore":1,"minecraft:cobblestone":20,"minecraft:sugar_cane":1,"minecraft:diorite":2,"minecraft:purple_bed":2,"minecraft:birch_log":38,"minecraft:sweet_berry_bush":11,"minecraft:spruce_log":12,"minecraft:birch_leaves":2,"minecraft:grass":3,"minecraft:oak_log":4,"scguns:deepslate_anthralite_ore":26,"minecraft:coal_ore":44,"minecraft:dirt":1,"minecraft:sand":5,"minecraft:gravel":32,"minecraft:cracked_stone_bricks":1,"scguns:anthralite_ore":2,"minecraft:deepslate":45},"minecraft:killed":{"mozombies_wave:zombie_king":1,"mozombies_wave:zombie_chef":2,"hordes:zombie_player":2,"scguns:supply_scamp":1,"minecraft:drowned":1,"mozombies_wave:zombie_miner":1,"minecraft:sheep":4,"minecraft:zombie":4,"mozombies_wave:zombie_dwarf":1,"minecraft:cow":4},"minecraft:crafted":{"minecraft:oak_planks":16,"minecraft:furnace":1,"minecraft:cooked_mutton":3,"minecraft:glass":3,"travelersbackpack:white_sleeping_bag":1,"minecraft:stone_pickaxe":2,"minecraft:cooked_beef":5,"minecraft:glass_bottle":3,"scguns:pebbles":24,"minecraft:crafting_table":1,"minecraft:spruce_planks":32,"minecraft:wooden_pickaxe":2,"minecraft:birch_planks":148,"minecraft:stone_axe":2,"minecraft:air":0,"minecraft:shield":1,"minecraft:stick":28,"minecraft:iron_ingot":13,"minecraft:iron_pickaxe":1,"minecraft:torch":64},"minecraft:broken":{"minecraft:stone_pickaxe":2,"minecraft:stone_axe":1},"minecraft:custom":{"minecraft:mob_kills":50,"minecraft:inspect_hopper":3,"minecraft:interact_with_crafting_table":13,"minecraft:open_barrel":4,"minecraft:damage_dealt_resisted":141,"minecraft:leave_game":3,"minecraft:time_since_death":19579,"minecraft:sprint_one_cm":188161,"minecraft:walk_one_cm":184423,"minecraft:damage_blocked_by_shield":90,"minecraft:drop":24,"minecraft:play_noteblock":1,"minecraft:talked_to_villager":2,"minecraft:play_time":119413,"minecraft:sneak_time":8735,"minecraft:deaths":6,"minecraft:walk_under_water_one_cm":8230,"minecraft:jump":1430,"minecraft:walk_on_water_one_cm":19922,"minecraft:total_world_time":119413,"minecraft:interact_with_furnace":17,"minecraft:sleep_in_bed":5,"minecraft:time_since_rest":14091,"minecraft:waystone_activated":1,"minecraft:damage_taken":2446,"minecraft:damage_dealt":3609,"minecraft:swim_one_cm":12737,"minecraft:fly_one_cm":208562,"minecraft:open_chest":12,"minecraft:crouch_one_cm":15747,"minecraft:fall_one_cm":24288},"minecraft:used":{"minecraft:spruce_planks":3,"minecraft:shield":2,"minecraft:rotten_flesh":1,"minecraft:dirt":1,"minecraft:granite":7,"minecraft:honey_bottle":2,"minecraft:beef":2,"minecraft:sweet_berries":18,"minecraft:furnace":6,"minecraft:cooked_beef":7,"minecraft:cobbled_deepslate":1,"minecraft:cooked_mutton":3,"minecraft:leather_leggings":1,"minecraft:glass_bottle":25,"minecraft:stone_pickaxe":262,"minecraft:wooden_pickaxe":15,"scguns:phosphorite":1,"minecraft:sand":1,"minecraft:crafting_table":7,"minecraft:spruce_log":1,"minecraft:iron_pickaxe":237,"travelersbackpack:white_sleeping_bag":3,"minecraft:gravel":25,"minecraft:stone_axe":112,"minecraft:potion":24,"minecraft:cobblestone":92,"minecraft:andesite":19}},"DataVersion":3465}