{"stats":{"minecraft:dropped":{"minecraft:iron_sword":1,"minecraft:moss_block":1,"minecraft:birch_planks":1,"minecraft:cooked_beef":30,"minecraft:diamond":2,"minecraft:leather":24,"minecraft:chest_minecart":1,"travelersbackpack:standard":1,"minecraft:rail":18,"minecraft:leather_helmet":6,"minecraft:dirt":1,"minecraft:polished_diorite_stairs":3,"minecraft:snowball":77,"gravestone:obituary":17,"minecraft:sand":1,"minecraft:gold_ingot":1,"minecraft:bone":5,"minecraft:sugar_cane":1,"minecraft:iron_nugget":44,"minecraft:golden_chestplate":3,"minecraft:cobbled_deepslate":11,"minecraft:netherite_sword":1,"minecraft:rotten_flesh":2839,"minecraft:mossy_stone_brick_slab":1,"quark:shale":1,"minecraft:carrot":1,"minecraft:leather_chestplate":1,"scguns:gun_bench":1,"quark:glow_shroom_ring":1,"minecraft:tipped_arrow":3,"toughasnails:diamond_purified_water_canteen":1,"minecraft:gunpowder":19,"minecraft:beetroot_seeds":4,"minecraft:leather_boots":1,"minecraft:stone_brick_stairs":1,"minecraft:golden_boots":5,"minecraft:iron_ingot":18,"minecraft:bread":21,"toughasnails:iron_water_canteen":1,"minecraft:wheat_seeds":1,"minecraft:golden_helmet":1,"scguns:powder_and_ball":67,"minecraft:cobblestone":613,"minecraft:granite":20,"minecraft:copper_ingot":3,"minecraft:tropical_fish":12,"minecraft:purple_dye":253,"scguns:greaser_smg":1,"minecraft:chainmail_helmet":2,"scguns:phosphorite":1,"minecraft:stick":5,"minecraft:wooden_axe":2,"scguns:grapeshot":16,"minecraft:potion":3,"minecraft:iron_leggings":4,"minecraft:chainmail_leggings":1,"minecraft:string":1,"minecraft:bucket":1,"toughasnails:leather_water_canteen":1,"minecraft:moss_carpet":1,"minecraft:soul_torch":2,"minecraft:stone_sword":2,"scguns:pebbles":2,"minecraft:tuff":15,"minecraft:clay_ball":4,"minecraft:potato":21,"minecraft:stone":1,"minecraft:diamond_pickaxe":3,"minecraft:iron_chestplate":2,"minecraft:golden_leggings":5,"scguns:flintlock_pistol":1,"minecraft:golden_sword":4,"minecraft:spider_eye":1,"minecraft:spruce_log":151,"minecraft:magenta_dye":466,"minecraft:wooden_pickaxe":6,"minecraft:stone_pickaxe":1},"minecraft:killed_by":{"minecraft:zombie_villager":1,"scguns:sky_carrier":1,"minecraft:creeper":3,"mozombies_wave:zombie_pirate":3,"mozombies_wave:zombie_cyborg":1,"minecraft:zombie":10,"scguns:swarm":1,"minecraft:player":1,"hordes:zombie_player":2},"minecraft:picked_up":{"minecraft:wooden_axe":2,"minecraft:iron_chestplate":2,"minecraft:wheat":2,"toughasnails:diamond_purified_water_canteen":2,"minecraft:redstone_block":1,"minecraft:smithing_table":1,"minecraft:lead":1,"minecraft:diamond_sword":2,"minecraft:acacia_pressure_plate":2,"minecraft:potion":2,"minecraft:stone_brick_stairs":2,"scguns:advanced_composter":2,"minecraft:brewing_stand":4,"minecraft:golden_sword":1,"scguns:disc_mold":3,"scguns:raw_anthralite":111,"minecraft:string":128,"minecraft:raw_copper":278,"minecraft:smooth_stone_slab":4,"minecraft:iron_leggings":11,"minecraft:sticky_piston":3,"minecraft:sculk_shrieker":3,"minecraft:diamond_leggings":2,"minecraft:smooth_stone":30,"minecraft:gold_nugget":11,"minecraft:cobbled_deepslate":1060,"minecraft:spruce_planks":31,"minecraft:redstone_torch":1,"minecraft:cobblestone_slab":30,"minecraft:calcite":174,"minecraft:iron_pickaxe":5,"minecraft:enchanted_golden_apple":3,"scguns:musket":1,"minecraft:iron_boots":6,"minecraft:furnace":12,"minecraft:golden_helmet":1,"scguns:phosphorite_bricks":225,"minecraft:stick":62,"quark:glow_shroom_ring":1,"minecraft:acacia_fence":6,"minecraft:jukebox":1,"minecraft:torch":165,"quark:cherry_chest":13,"minecraft:acacia_log":24,"minecraft:porkchop":1,"minecraft:lightning_rod":5,"minecraft:cherry_log":58,"minecraft:pointed_dripstone":12,"minecraft:diorite":294,"minecraft:golden_chestplate":3,"minecraft:cauldron":3,"minecraft:orange_bed":1,"minecraft:stone_sword":2,"minecraft:rotten_flesh":2103,"minecraft:tropical_fish":13,"minecraft:obsidian":22,"minecraft:snowball":93,"quark:glow_shroom_block":2,"minecraft:cobblestone":3046,"minecraft:birch_log":68,"minecraft:pink_petals":3,"scguns:lightning_rod_connector":4,"minecraft:feather":4,"minecraft:cooked_beef":87,"scguns:phosphorite_brick_slab":3,"minecraft:andesite":39,"minecraft:water_bucket":1,"minecraft:potato":53,"quark:polished_calcite":32,"minecraft:golden_leggings":3,"minecraft:copper_block":2,"minecraft:magenta_dye":265,"minecraft:flint":4,"minecraft:tuff":127,"scguns:compact_advanced_round":25,"minecraft:lapis_lazuli":208,"minecraft:dirt":257,"minecraft:leather_boots":2,"travelersbackpack:bookshelf":2,"minecraft:glass":16,"minecraft:bone":236,"minecraft:stonecutter":3,"minecraft:wheat_seeds":17,"minecraft:raw_gold":59,"minecraft:bell":2,"minecraft:grindstone":2,"minecraft:diamond_helmet":2,"minecraft:glowstone_dust":10,"scguns:sulfur_chunk":161,"minecraft:moss_block":1,"travelersbackpack:gold":10,"quark:ancient_chest":6,"quark:shale":1,"toughasnails:thermometer":1,"minecraft:sand":68,"minecraft:lily_of_the_valley":4,"toughasnails:leather_water_canteen":1,"minecraft:acacia_stairs":3,"minecraft:barrel":2,"minecraft:mossy_cobblestone":21,"travelersbackpack:white_sleeping_bag":1,"toughasnails:water_purifier":8,"scguns:macerator":3,"minecraft:diamond":90,"minecraft:lever":3,"minecraft:soul_lantern":1,"waystones:waystone":11,"minecraft:granite":98,"minecraft:bread":84,"minecraft:chainmail_helmet":1,"minecraft:emerald":17,"minecraft:oak_sapling":24,"minecraft:netherrack":46,"minecraft:diamond_pickaxe":7,"minecraft:charcoal":2,"minecraft:crafting_table":4,"minecraft:chicken":6,"minecraft:clay_ball":4,"minecraft:chest_minecart":2,"minecraft:wooden_pickaxe":6,"minecraft:gold_block":4,"gravestone:obituary":7,"scguns:compact_copper_round":234,"minecraft:moss_carpet":1,"minecraft:iron_axe":2,"minecraft:flint_and_steel":1,"scguns:small_copper_casing":150,"minecraft:compass":1,"minecraft:iron_shovel":1,"toughasnails:iron_water_canteen":1,"toughasnails:thermoregulator":6,"minecraft:beef":104,"scguns:ancient_brass":34,"minecraft:iron_nugget":384,"minecraft:poppy":1,"minecraft:sugar_cane":197,"minecraft:birch_sapling":17,"minecraft:phantom_membrane":21,"minecraft:egg":5,"minecraft:raw_iron":178,"minecraft:stone":13,"minecraft:copper_ingot":166,"minecraft:note_block":6,"minecraft:spruce_fence":1,"minecraft:carrot":9,"scguns:lightning_battery":9,"minecraft:redstone":277,"minecraft:cherry_fence_gate":2,"minecraft:arrow":1,"minecraft:diamond_chestplate":2,"minecraft:beetroot_seeds":8,"quark:acacia_chest":1,"minecraft:diamond_boots":2,"minecraft:deepslate_bricks":1,"minecraft:hay_block":45,"minecraft:cracked_deepslate_bricks":1,"minecraft:saddle":1,"minecraft:gold_ingot":4,"scguns:niter_dust":1,"minecraft:glow_berries":18,"minecraft:mutton":24,"scguns:phosphorite_brick_stairs":4,"minecraft:rail":35,"minecraft:white_wool":18,"minecraft:purple_dye":64,"minecraft:leather":127,"scguns:polished_phosphorite":44,"minecraft:birch_planks":7,"scguns:phosphorite":250,"minecraft:golden_boots":3,"minecraft:gunpowder":399,"scguns:pebbles":2,"minecraft:blue_bed":1,"scguns:anthralite_nugget":5,"scguns:treated_iron_blend":4,"minecraft:cooked_mutton":6,"toughasnails:diamond_water_canteen":2,"scguns:powder_and_ball":92,"scguns:powered_macerator":1,"scguns:rusty_gnat":2,"minecraft:gray_carpet":12,"minecraft:stone_pickaxe":4,"minecraft:iron_ingot":136,"quark:glow_shroom":3,"minecraft:acacia_sapling":1,"scguns:polar_generator":1,"minecraft:iron_sword":4,"minecraft:book":3,"minecraft:sculk_catalyst":1,"scguns:advanced_round":21,"scguns:powered_mechanical_press":2,"minecraft:sculk":17,"minecraft:raw_iron_block":1,"minecraft:dripstone_block":7,"minecraft:gravel":61,"minecraft:lava_bucket":1,"toughasnails:empty_leather_canteen":2,"minecraft:spruce_sapling":1,"minecraft:soul_torch":2,"minecraft:blast_furnace":3,"minecraft:white_bed":1,"minecraft:spruce_log":46,"minecraft:crying_obsidian":4,"minecraft:mossy_stone_brick_slab":1,"minecraft:spider_eye":28,"minecraft:leather_helmet":1,"scguns:mechanical_press":5,"minecraft:polished_diorite_stairs":12,"travelersbackpack:standard":7,"minecraft:sculk_sensor":8,"minecraft:purple_bed":11,"minecraft:slime_ball":24,"minecraft:purple_glazed_terracotta":45,"minecraft:polished_diorite":8,"scguns:gun_bench":7,"minecraft:cherry_sapling":27,"minecraft:gray_wool":21,"minecraft:terracotta":7,"minecraft:coal":451,"minecraft:hopper":12,"minecraft:ender_pearl":40},"minecraft:mined":{"minecraft:spruce_planks":3,"minecraft:white_bed":1,"quark:cherry_chest":13,"minecraft:mossy_stone_brick_slab":1,"minecraft:cherry_log":58,"minecraft:sculk_vein":2,"minecraft:brewing_stand":3,"minecraft:obsidian":22,"minecraft:granite":64,"minecraft:acacia_log":24,"minecraft:grass_block":21,"scguns:powered_macerator":1,"minecraft:oak_pressure_plate":1,"minecraft:deepslate_bricks":1,"minecraft:polished_diorite":6,"quark:ancient_chest":6,"minecraft:hopper":11,"scguns:mechanical_press":5,"minecraft:spawner":6,"minecraft:raw_iron_block":1,"minecraft:sculk_catalyst":2,"minecraft:glowstone":3,"minecraft:iron_ore":87,"minecraft:barrel":2,"minecraft:cobbled_deepslate":22,"quark:polished_calcite":20,"minecraft:deepslate_lapis_ore":23,"minecraft:sculk_shrieker":4,"minecraft:pointed_dripstone":4,"scguns:phosphorite":249,"minecraft:orange_bed":1,"minecraft:piston_head":1,"minecraft:deepslate_redstone_ore":53,"minecraft:soul_lantern":1,"minecraft:powder_snow":12,"minecraft:clay":1,"minecraft:torch":31,"minecraft:calcite":180,"minecraft:cobblestone":149,"minecraft:sugar_cane":90,"minecraft:grindstone":2,"minecraft:wall_torch":40,"minecraft:cauldron":3,"minecraft:pink_petals":1,"scguns:niter":1,"minecraft:seagrass":1,"minecraft:polished_diorite_stairs":12,"quark:cherry_bookshelf":1,"scguns:macerator":3,"minecraft:birch_log":68,"minecraft:wheat":1,"minecraft:stone_brick_stairs":1,"quark:glow_shroom":1,"minecraft:grass":17,"minecraft:dirt":26,"minecraft:acacia_fence":4,"toughasnails:thermoregulator":6,"minecraft:sand":41,"quark:glow_shroom_ring":1,"travelersbackpack:gold":2,"minecraft:stonecutter":3,"minecraft:netherrack":15,"minecraft:oak_leaves":7,"minecraft:deepslate":896,"scguns:sulfur_ore":6,"minecraft:purple_glazed_terracotta":45,"minecraft:crying_obsidian":4,"minecraft:tuff":127,"scguns:phosphorite_brick_stairs":4,"minecraft:deepslate_diamond_ore":56,"minecraft:mossy_cobblestone":2,"quark:shale":1,"minecraft:cherry_sapling":7,"minecraft:lever":1,"minecraft:glow_lichen":2,"gravestone:gravestone":8,"minecraft:spruce_fence":1,"quark:acacia_chest":1,"travelersbackpack:white_sleeping_bag":1,"travelersbackpack:bookshelf":2,"minecraft:spruce_leaves":3,"minecraft:moss_block":1,"minecraft:large_fern":3,"minecraft:hay_block":45,"minecraft:redstone_ore":2,"minecraft:furnace":10,"scguns:polar_generator":1,"minecraft:snow":93,"minecraft:acacia_stairs":1,"minecraft:andesite":39,"minecraft:gold_block":3,"minecraft:bell":1,"minecraft:cobblestone_slab":29,"scguns:phosphorite_bricks":52,"minecraft:deepslate_iron_ore":40,"scguns:advanced_composter":2,"minecraft:cherry_fence_gate":2,"scguns:deepslate_sulfur_ore":56,"minecraft:stone":2187,"minecraft:smithing_table":1,"minecraft:acacia_leaves":2,"minecraft:lily_of_the_valley":1,"toughasnails:water_purifier":8,"travelersbackpack:standard":5,"minecraft:crafting_table":4,"minecraft:sculk_sensor":12,"minecraft:copper_ore":69,"minecraft:tall_grass":1,"scguns:powered_mechanical_press":2,"quark:glow_shroom_block":6,"minecraft:lightning_rod":5,"minecraft:lapis_ore":4,"minecraft:deepslate_gold_ore":54,"minecraft:cracked_deepslate_bricks":1,"minecraft:diorite":168,"minecraft:sculk":39,"scguns:gun_bench":3,"minecraft:blue_bed":1,"minecraft:gray_wool":20,"minecraft:purple_bed":10,"minecraft:spruce_log":5,"scguns:lightning_rod_connector":4,"minecraft:coal_ore":222,"scguns:deepslate_anthralite_ore":75,"minecraft:gravel":24,"minecraft:cherry_leaves":21,"minecraft:dripstone_block":7,"minecraft:gray_carpet":7,"minecraft:cobweb":28,"scguns:lightning_battery":9,"minecraft:terracotta":7,"scguns:anthralite_ore":22},"minecraft:killed":{"scguns:swarm":8,"minecraft:zombified_piglin":26,"mozombies_wave:zombie_chef":1,"minecraft:zombie_horse":42,"scguns:supply_scamp":1,"scguns:cog_knight":1,"minecraft:bee":1,"minecraft:chicken":6,"mozombies_wave:zombie_knight":1,"creeperoverhaul:cave_creeper":2,"hordes:husk_player":1,"mozombies_wave:disco_zombie":3,"scguns:sky_carrier":4,"minecraft:pig":1,"minecraft:zombie_villager":8,"mozombies_wave:zombie_miner":6,"minecraft:creeper":51,"hordes:drowned_player":1,"minecraft:sheep":13,"minecraft:zombie":1543,"minecraft:stray":9,"mozombies_wave:zombie_dwarf":4,"minecraft:cow":40,"hordes:zombie_player":7,"minecraft:endermite":1,"scguns:cog_minion":2,"minecraft:zoglin":9,"scguns:redcoat":3,"mozombies_wave:zombie_pa":4,"minecraft:drowned":51,"mozombies_wave:zombie_cyborg":4,"mozombies_wave:zombie_pirate":4,"minecraft:husk":79,"scguns:hive":2,"scguns:dissident":1},"minecraft:crafted":{"minecraft:smooth_stone":27,"scguns:anthralite_nugget":9,"minecraft:cobblestone_slab":24,"minecraft:purple_glazed_terracotta":88,"toughasnails:empty_iron_canteen":1,"minecraft:lightning_rod":4,"minecraft:stone":36,"minecraft:lever":1,"quark:cherry_chest":14,"minecraft:cooked_mutton":13,"scguns:advanced_composter":2,"minecraft:glass":76,"minecraft:hopper":9,"scguns:gunpowder_dust":768,"minecraft:diamond_helmet":1,"minecraft:diamond_leggings":1,"scguns:polished_phosphorite":544,"minecraft:chest":1,"minecraft:copper_block":7,"scguns:gun_bench":1,"scguns:large_casing_mold":1,"scguns:powered_mechanical_press":1,"scguns:gun_parts_mold":1,"scguns:small_casing_mold":1,"travelersbackpack:bookshelf":1,"travelersbackpack:iron_tier_upgrade":1,"scguns:gun_grip":2,"scguns:polar_generator":1,"scguns:gun_magazine":2,"minecraft:emerald":40,"scguns:anthralite_block":1,"minecraft:cauldron":7,"toughasnails:rain_collector":6,"minecraft:diamond_axe":1,"minecraft:crafting_table":10,"minecraft:spruce_planks":140,"scguns:diamond_steel_gun_frame":1,"minecraft:acacia_slab":12,"minecraft:wooden_pickaxe":2,"travelersbackpack:standard":1,"minecraft:smithing_table":1,"minecraft:clock":1,"minecraft:copper_ingot":183,"minecraft:sticky_piston":1,"scguns:phosphorite_bricks":500,"minecraft:birch_planks":52,"scguns:anthralite_ingot":102,"minecraft:paper":54,"scguns:lightning_battery":4,"minecraft:iron_chestplate":1,"minecraft:book":14,"scguns:treated_iron_ingot":4,"minecraft:charcoal":18,"minecraft:diamond_pickaxe":2,"toughasnails:water_purifier":1,"scguns:copper_gun_frame":1,"scguns:mechanical_press":1,"minecraft:stone_slab":6,"scguns:blank_mold":4,"minecraft:stick":120,"minecraft:iron_ingot":167,"minecraft:iron_pickaxe":2,"minecraft:iron_block":9,"sereneseasons:calendar":1,"minecraft:gold_ingot":58,"minecraft:redstone_torch":1,"scguns:gun_barrel":2,"minecraft:polished_diorite_stairs":4,"scguns:phosphorite_brick_stairs":8,"minecraft:cherry_planks":116,"scguns:phosphorite_brick_slab":12,"minecraft:raw_iron":9,"minecraft:smooth_stone_slab":12,"minecraft:iron_nugget":306,"minecraft:furnace":10,"minecraft:blast_furnace":3,"minecraft:piston":1,"toughasnails:empty_leather_canteen":1,"travelersbackpack:blank_upgrade":8,"quark:cherry_bookshelf":3,"travelersbackpack:gold_tier_upgrade":1,"minecraft:flint_and_steel":1,"minecraft:terracotta":398,"quark:acacia_chest":10,"scguns:swarm_bomb":1,"travelersbackpack:white_sleeping_bag":1,"minecraft:polished_diorite":148,"minecraft:iron_axe":2,"travelersbackpack:gold":1,"minecraft:stone_pickaxe":1,"minecraft:diamond_boots":1,"minecraft:redstone_block":1,"quark:spruce_chest":5,"scguns:diamond_steel_ingot":15,"travelersbackpack:diamond_tier_upgrade":1,"minecraft:cherry_fence_gate":5,"minecraft:wheat":405,"scguns:macerator":1,"minecraft:cooked_beef":74,"minecraft:dripstone_block":1,"scguns:lightning_rod_connector":2,"scguns:firing_unit":1,"minecraft:purple_terracotta":88,"minecraft:diamond_sword":2,"minecraft:enchanting_table":1,"travelersbackpack:backpack_tank":6,"toughasnails:empty_diamond_canteen":2,"gambling:stack_of_chips":8,"minecraft:iron_sword":12,"minecraft:acacia_trapdoor":2,"minecraft:bucket":2,"quark:polished_calcite":380,"minecraft:stone_axe":1,"minecraft:bread":135,"minecraft:air":0,"gambling:casino_chip":72,"scguns:powered_macerator":1,"minecraft:wooden_axe":2,"gambling:slot_machine":1,"minecraft:iron_shovel":1,"scguns:rapid_firing_unit":1,"minecraft:anvil":1,"minecraft:acacia_planks":96,"minecraft:torch":180,"minecraft:diamond_chestplate":1},"minecraft:broken":{"minecraft:golden_helmet":3,"minecraft:iron_boots":1,"toughasnails:diamond_water_canteen":2,"minecraft:iron_sword":13,"minecraft:golden_chestplate":1,"minecraft:golden_hoe":1,"toughasnails:diamond_purified_water_canteen":2,"toughasnails:leather_water_canteen":7,"minecraft:iron_axe":2,"minecraft:iron_pickaxe":3,"toughasnails:iron_water_canteen":1},"minecraft:custom":{"minecraft:interact_with_crafting_table":164,"minecraft:open_barrel":83,"minecraft:bell_ring":2,"minecraft:leave_game":20,"minecraft:time_since_death":89230,"minecraft:sprint_one_cm":1937882,"minecraft:drop":238,"minecraft:talked_to_villager":27,"minecraft:play_time":1116133,"minecraft:deaths":26,"minecraft:jump":5601,"minecraft:walk_on_water_one_cm":82608,"minecraft:enchant_item":11,"minecraft:interact_with_furnace":228,"minecraft:traded_with_villager":40,"minecraft:sleep_in_bed":35,"minecraft:waystone_activated":11,"minecraft:damage_dealt":274092,"minecraft:crouch_one_cm":339974,"minecraft:use_cauldron":2,"minecraft:interact_with_smithing_table":6,"minecraft:interact_with_anvil":1,"minecraft:mob_kills":2069,"minecraft:inspect_hopper":6,"minecraft:fill_cauldron":1,"minecraft:damage_dealt_resisted":1798,"minecraft:climb_one_cm":4011,"minecraft:walk_one_cm":1841269,"minecraft:sneak_time":144684,"minecraft:walk_under_water_one_cm":50095,"minecraft:total_world_time":1116133,"minecraft:interact_with_stonecutter":8,"minecraft:interact_with_grindstone":5,"minecraft:time_since_rest":26931,"minecraft:damage_taken":15292,"minecraft:swim_one_cm":59034,"minecraft:fly_one_cm":926991,"minecraft:open_chest":739,"minecraft:fall_one_cm":131218},"minecraft:used":{"minecraft:cherry_sapling":18,"minecraft:iron_shovel":96,"minecraft:diamond_hoe":26,"minecraft:iron_sword":2884,"minecraft:stone":1,"minecraft:bell":2,"minecraft:rotten_flesh":97,"quark:cherry_chest":27,"minecraft:mutton":5,"scguns:advanced_composter":4,"minecraft:tuff":14,"travelersbackpack:iron":1,"minecraft:obsidian":18,"minecraft:lava_bucket":17,"scguns:phosphorite_brick_stairs":11,"minecraft:golden_sword":27,"toughasnails:leather_water_canteen":63,"minecraft:furnace":15,"minecraft:acacia_fence":3,"minecraft:polished_diorite_stairs":13,"minecraft:stone_pickaxe":51,"minecraft:gray_carpet":1,"minecraft:diorite":19,"scguns:gun_bench":3,"quark:polished_calcite":260,"quark:ancient_chest":6,"minecraft:wooden_pickaxe":13,"minecraft:sugar_cane":25,"minecraft:diamond_axe":26,"quark:glow_shroom_block":2,"minecraft:golden_hoe":33,"minecraft:sand":4,"minecraft:dripstone_block":8,"minecraft:lightning_rod":5,"minecraft:sticky_piston":4,"minecraft:redstone_torch":2,"waystones:waystone":9,"minecraft:lever":4,"minecraft:bread":145,"scguns:swarm_bomb":1,"toughasnails:empty_diamond_canteen":6,"scguns:flintlock_pistol":9,"minecraft:gravel":33,"minecraft:diamond_sword":1350,"minecraft:grindstone":2,"minecraft:smithing_table":2,"minecraft:birch_log":3,"toughasnails:iron_water_canteen":21,"minecraft:netherite_sword":77,"scguns:waltz_conversion":4,"toughasnails:thermoregulator":6,"toughasnails:water_purifier":9,"minecraft:enchanting_table":1,"minecraft:spruce_planks":8,"scguns:powered_macerator":2,"minecraft:orange_bed":1,"minecraft:torch":223,"minecraft:anvil":1,"minecraft:brewing_stand":3,"minecraft:dirt":114,"scguns:niter_dust":1,"toughasnails:diamond_purified_water_canteen":59,"toughasnails:empty_iron_canteen":2,"minecraft:hopper":22,"quark:cherry_bookshelf":28,"minecraft:granite":17,"minecraft:spruce_fence":1,"minecraft:polished_diorite":6,"minecraft:wooden_axe":32,"travelersbackpack:gold":10,"minecraft:iron_axe":332,"scguns:mechanical_press":6,"scguns:lightning_battery":11,"minecraft:cherry_fence_gate":6,"minecraft:barrel":2,"scguns:phosphorite_brick_slab":8,"toughasnails:empty_leather_canteen":8,"minecraft:cooked_beef":58,"minecraft:cobbled_deepslate":62,"minecraft:pointed_dripstone":8,"minecraft:calcite":11,"minecraft:cooked_mutton":13,"minecraft:water_bucket":24,"scguns:polar_generator":2,"gambling:slot_machine":1,"scguns:musket":2,"minecraft:birch_planks":5,"minecraft:purple_glazed_terracotta":97,"scguns:phosphorite":1,"minecraft:cauldron":10,"minecraft:stonecutter":3,"minecraft:cobblestone_slab":41,"quark:acacia_chest":4,"minecraft:mossy_cobblestone":1,"toughasnails:diamond_water_canteen":86,"minecraft:terracotta":8,"scguns:phosphorite_bricks":395,"minecraft:crafting_table":14,"toughasnails:rain_collector":6,"scguns:macerator":4,"minecraft:white_bed":1,"travelersbackpack:wolf":1,"minecraft:diamond_pickaxe":4417,"scguns:lightning_rod_connector":4,"travelersbackpack:creeper":3,"travelersbackpack:bookshelf":5,"scguns:powered_mechanical_press":3,"minecraft:iron_pickaxe":749,"travelersbackpack:white_sleeping_bag":1,"minecraft:purple_bed":11,"minecraft:stone_axe":4,"travelersbackpack:standard":9,"minecraft:cobblestone":1105,"minecraft:porkchop":1,"minecraft:bucket":42,"scguns:rusty_gnat":390,"minecraft:gray_wool":2}},"DataVersion":3465}