{"stats":{"minecraft:killed_by":{"scguns:sky_carrier":1,"mozombies_wave:zombie_cyborg":1,"minecraft:zombie":7,"minecraft:player":1,"hordes:zombie_player":2},"minecraft:crafted":{"minecraft:smooth_stone":27,"scguns:anthralite_nugget":9,"minecraft:cobblestone_slab":6,"toughasnails:empty_iron_canteen":1,"minecraft:lightning_rod":4,"minecraft:stone":36,"minecraft:lever":1,"quark:cherry_chest":11,"minecraft:cooked_mutton":13,"minecraft:glass":28,"minecraft:hopper":6,"scguns:gunpowder_dust":384,"minecraft:chest":1,"minecraft:copper_block":7,"scguns:gun_bench":1,"scguns:powered_mechanical_press":1,"scguns:gun_parts_mold":1,"scguns:small_casing_mold":1,"travelersbackpack:iron_tier_upgrade":1,"scguns:gun_grip":1,"scguns:gun_magazine":1,"scguns:polar_generator":1,"toughasnails:rain_collector":1,"minecraft:crafting_table":9,"minecraft:spruce_planks":120,"minecraft:wooden_pickaxe":2,"travelersbackpack:standard":1,"minecraft:smithing_table":1,"minecraft:copper_ingot":84,"minecraft:sticky_piston":1,"minecraft:birch_planks":24,"scguns:anthralite_ingot":42,"minecraft:iron_chestplate":1,"minecraft:paper":27,"scguns:lightning_battery":4,"minecraft:diamond_pickaxe":1,"minecraft:charcoal":2,"toughasnails:water_purifier":1,"scguns:copper_gun_frame":1,"scguns:mechanical_press":1,"scguns:blank_mold":3,"minecraft:stick":56,"minecraft:iron_ingot":69,"minecraft:iron_pickaxe":2,"minecraft:iron_block":4,"minecraft:gold_ingot":7,"scguns:gun_barrel":1,"minecraft:polished_diorite_stairs":4,"minecraft:cherry_planks":24,"minecraft:smooth_stone_slab":12,"minecraft:iron_nugget":81,"minecraft:furnace":10,"minecraft:blast_furnace":3,"minecraft:piston":1,"toughasnails:empty_leather_canteen":1,"travelersbackpack:blank_upgrade":4,"travelersbackpack:gold_tier_upgrade":1,"minecraft:flint_and_steel":1,"quark:acacia_chest":5,"travelersbackpack:white_sleeping_bag":1,"minecraft:polished_diorite":8,"minecraft:iron_axe":2,"minecraft:stone_pickaxe":1,"minecraft:redstone_block":1,"quark:spruce_chest":5,"scguns:macerator":1,"minecraft:cooked_beef":38,"scguns:lightning_rod_connector":2,"travelersbackpack:backpack_tank":4,"toughasnails:empty_diamond_canteen":1,"minecraft:iron_sword":5,"minecraft:bucket":2,"minecraft:air":0,"scguns:powered_macerator":1,"minecraft:wooden_axe":2,"scguns:rapid_firing_unit":1,"minecraft:acacia_planks":40,"minecraft:torch":64},"minecraft:mined":{"minecraft:spruce_planks":3,"quark:cherry_chest":13,"minecraft:cherry_log":22,"minecraft:obsidian":4,"minecraft:granite":47,"minecraft:acacia_log":24,"minecraft:grass_block":15,"scguns:powered_macerator":1,"minecraft:hopper":11,"scguns:mechanical_press":5,"minecraft:spawner":4,"minecraft:glowstone":2,"minecraft:iron_ore":62,"minecraft:cobbled_deepslate":2,"minecraft:barrel":2,"minecraft:deepslate_lapis_ore":4,"scguns:phosphorite":1,"minecraft:orange_bed":1,"minecraft:piston_head":1,"minecraft:deepslate_redstone_ore":6,"minecraft:powder_snow":12,"minecraft:clay":1,"minecraft:torch":9,"minecraft:calcite":37,"minecraft:cobblestone":54,"minecraft:grindstone":2,"minecraft:sugar_cane":22,"minecraft:wall_torch":18,"minecraft:cauldron":1,"minecraft:seagrass":1,"minecraft:pink_petals":1,"minecraft:polished_diorite_stairs":12,"scguns:macerator":3,"minecraft:wheat":1,"minecraft:birch_log":45,"minecraft:grass":11,"minecraft:acacia_fence":4,"minecraft:sand":41,"minecraft:dirt":17,"toughasnails:thermoregulator":6,"travelersbackpack:gold":2,"minecraft:stonecutter":3,"minecraft:netherrack":1,"minecraft:oak_leaves":7,"minecraft:deepslate":22,"scguns:sulfur_ore":4,"minecraft:deepslate_diamond_ore":3,"minecraft:cherry_sapling":7,"minecraft:lever":1,"gravestone:gravestone":2,"minecraft:spruce_fence":1,"travelersbackpack:white_sleeping_bag":1,"minecraft:moss_block":1,"minecraft:large_fern":1,"minecraft:hay_block":45,"minecraft:redstone_ore":2,"minecraft:furnace":10,"scguns:polar_generator":1,"minecraft:acacia_stairs":1,"minecraft:andesite":18,"minecraft:gold_block":1,"minecraft:bell":1,"minecraft:deepslate_iron_ore":12,"minecraft:cobblestone_slab":9,"scguns:deepslate_sulfur_ore":29,"minecraft:stone":977,"minecraft:smithing_table":1,"minecraft:acacia_leaves":2,"minecraft:lily_of_the_valley":1,"toughasnails:water_purifier":4,"travelersbackpack:standard":4,"minecraft:crafting_table":4,"scguns:powered_mechanical_press":2,"minecraft:lightning_rod":5,"minecraft:copper_ore":38,"minecraft:deepslate_gold_ore":7,"minecraft:diorite":163,"scguns:gun_bench":2,"minecraft:blue_bed":1,"minecraft:purple_bed":1,"minecraft:spruce_log":5,"scguns:lightning_rod_connector":4,"scguns:deepslate_anthralite_ore":39,"minecraft:coal_ore":157,"minecraft:cherry_leaves":2,"minecraft:gravel":12,"minecraft:cobweb":28,"scguns:lightning_battery":9,"scguns:anthralite_ore":3},"minecraft:broken":{"minecraft:golden_helmet":1,"minecraft:iron_sword":5,"minecraft:golden_chestplate":1,"toughasnails:leather_water_canteen":7,"minecraft:iron_axe":1,"minecraft:iron_pickaxe":3,"toughasnails:iron_water_canteen":1},"minecraft:killed":{"scguns:swarm":2,"scguns:supply_scamp":1,"minecraft:chicken":1,"hordes:husk_player":1,"scguns:sky_carrier":1,"minecraft:pig":1,"minecraft:zombie_villager":2,"mozombies_wave:zombie_miner":1,"minecraft:creeper":4,"minecraft:sheep":12,"minecraft:zombie":349,"minecraft:cow":21,"hordes:zombie_player":5,"mozombies_wave:zombie_pa":3,"minecraft:drowned":7,"mozombies_wave:zombie_cyborg":1},"minecraft:dropped":{"minecraft:iron_sword":1,"minecraft:moss_block":1,"minecraft:birch_planks":1,"minecraft:cooked_beef":30,"minecraft:diamond":2,"minecraft:leather":24,"minecraft:chest_minecart":1,"travelersbackpack:standard":1,"minecraft:rail":18,"gravestone:obituary":3,"minecraft:sand":1,"minecraft:gold_ingot":1,"minecraft:iron_nugget":37,"minecraft:cobbled_deepslate":11,"minecraft:netherite_sword":1,"minecraft:rotten_flesh":245,"minecraft:carrot":1,"scguns:gun_bench":1,"minecraft:gunpowder":12,"minecraft:beetroot_seeds":4,"minecraft:iron_ingot":18,"minecraft:golden_boots":2,"minecraft:cobblestone":36,"minecraft:granite":19,"minecraft:tropical_fish":12,"scguns:phosphorite":1,"minecraft:stick":5,"minecraft:wooden_axe":2,"minecraft:iron_leggings":1,"minecraft:moss_carpet":1,"minecraft:clay_ball":4,"minecraft:potato":21,"minecraft:stone":1,"minecraft:golden_leggings":1,"minecraft:spruce_log":151,"minecraft:stone_pickaxe":1,"minecraft:wooden_pickaxe":6},"minecraft:used":{"minecraft:cherry_sapling":8,"minecraft:stone":1,"minecraft:iron_sword":1037,"minecraft:bell":1,"minecraft:rotten_flesh":16,"quark:cherry_chest":24,"minecraft:mutton":5,"minecraft:lava_bucket":4,"toughasnails:leather_water_canteen":63,"minecraft:furnace":15,"minecraft:acacia_fence":3,"minecraft:polished_diorite_stairs":13,"minecraft:diorite":19,"scguns:gun_bench":2,"minecraft:stone_pickaxe":51,"minecraft:wooden_pickaxe":13,"minecraft:lightning_rod":5,"minecraft:sticky_piston":2,"waystones:waystone":2,"minecraft:lever":3,"minecraft:bread":25,"toughasnails:empty_diamond_canteen":1,"minecraft:gravel":9,"minecraft:diamond_sword":6,"minecraft:grindstone":2,"minecraft:smithing_table":2,"minecraft:birch_log":3,"toughasnails:iron_water_canteen":21,"toughasnails:thermoregulator":6,"minecraft:netherite_sword":77,"toughasnails:water_purifier":5,"minecraft:spruce_planks":4,"scguns:powered_macerator":2,"minecraft:orange_bed":1,"minecraft:torch":68,"minecraft:dirt":19,"toughasnails:diamond_purified_water_canteen":11,"toughasnails:empty_iron_canteen":2,"minecraft:hopper":17,"minecraft:spruce_fence":1,"minecraft:wooden_axe":32,"travelersbackpack:gold":7,"scguns:mechanical_press":5,"minecraft:iron_axe":203,"scguns:lightning_battery":11,"minecraft:barrel":2,"minecraft:cooked_beef":45,"minecraft:cobbled_deepslate":6,"toughasnails:empty_leather_canteen":8,"minecraft:cooked_mutton":10,"minecraft:water_bucket":15,"scguns:polar_generator":2,"minecraft:birch_planks":1,"minecraft:cauldron":1,"minecraft:stonecutter":3,"minecraft:cobblestone_slab":13,"quark:acacia_chest":2,"toughasnails:diamond_water_canteen":38,"minecraft:crafting_table":13,"toughasnails:rain_collector":1,"scguns:macerator":3,"minecraft:diamond_pickaxe":990,"scguns:lightning_rod_connector":4,"scguns:powered_mechanical_press":3,"minecraft:iron_pickaxe":749,"travelersbackpack:white_sleeping_bag":1,"minecraft:cobblestone":173,"minecraft:purple_bed":1,"travelersbackpack:standard":8,"minecraft:porkchop":1,"minecraft:bucket":21,"scguns:rusty_gnat":36},"minecraft:custom":{"minecraft:interact_with_crafting_table":90,"minecraft:open_barrel":26,"minecraft:bell_ring":2,"minecraft:leave_game":11,"minecraft:time_since_death":65869,"minecraft:sprint_one_cm":818681,"minecraft:drop":64,"minecraft:talked_to_villager":3,"minecraft:play_time":440617,"minecraft:deaths":15,"minecraft:jump":2567,"minecraft:walk_on_water_one_cm":40944,"minecraft:interact_with_furnace":101,"minecraft:sleep_in_bed":15,"minecraft:waystone_activated":4,"minecraft:damage_dealt":62383,"minecraft:crouch_one_cm":131648,"minecraft:interact_with_smithing_table":3,"minecraft:mob_kills":420,"minecraft:inspect_hopper":5,"minecraft:damage_dealt_resisted":220,"minecraft:climb_one_cm":1775,"minecraft:walk_one_cm":680799,"minecraft:sneak_time":48326,"minecraft:walk_under_water_one_cm":26854,"minecraft:total_world_time":440617,"minecraft:interact_with_grindstone":1,"minecraft:interact_with_stonecutter":6,"minecraft:time_since_rest":22743,"minecraft:damage_taken":6870,"minecraft:swim_one_cm":30027,"minecraft:fly_one_cm":421575,"minecraft:open_chest":279,"minecraft:fall_one_cm":53988},"minecraft:picked_up":{"minecraft:wooden_axe":2,"minecraft:wheat":2,"minecraft:redstone_block":1,"minecraft:smithing_table":1,"minecraft:acacia_pressure_plate":2,"scguns:disc_mold":3,"scguns:raw_anthralite":48,"minecraft:string":117,"minecraft:raw_copper":161,"minecraft:smooth_stone_slab":4,"minecraft:iron_leggings":8,"minecraft:sticky_piston":1,"minecraft:cobbled_deepslate":24,"minecraft:smooth_stone":30,"minecraft:spruce_planks":30,"minecraft:cobblestone_slab":11,"minecraft:calcite":37,"minecraft:iron_pickaxe":5,"minecraft:enchanted_golden_apple":3,"minecraft:furnace":12,"minecraft:iron_boots":5,"minecraft:golden_helmet":1,"minecraft:stick":36,"minecraft:acacia_fence":6,"quark:cherry_chest":13,"minecraft:torch":44,"minecraft:acacia_log":24,"minecraft:porkchop":1,"minecraft:lightning_rod":5,"minecraft:cherry_log":22,"minecraft:diorite":289,"minecraft:golden_chestplate":2,"minecraft:cauldron":1,"minecraft:orange_bed":1,"minecraft:rotten_flesh":1681,"minecraft:tropical_fish":13,"minecraft:obsidian":4,"minecraft:cobblestone":1210,"minecraft:birch_log":45,"minecraft:pink_petals":3,"scguns:lightning_rod_connector":4,"minecraft:cooked_beef":75,"minecraft:water_bucket":1,"minecraft:andesite":18,"minecraft:golden_leggings":2,"minecraft:copper_block":2,"minecraft:potato":51,"minecraft:flint":2,"scguns:compact_advanced_round":5,"minecraft:lapis_lazuli":58,"minecraft:dirt":53,"minecraft:glass":16,"minecraft:bone":211,"minecraft:stonecutter":3,"minecraft:wheat_seeds":14,"minecraft:raw_gold":8,"minecraft:bell":1,"minecraft:grindstone":2,"scguns:sulfur_chunk":95,"minecraft:glowstone_dust":7,"minecraft:moss_block":1,"travelersbackpack:gold":6,"toughasnails:thermometer":1,"minecraft:sand":54,"minecraft:lily_of_the_valley":1,"minecraft:acacia_stairs":3,"minecraft:barrel":2,"travelersbackpack:white_sleeping_bag":1,"toughasnails:water_purifier":4,"scguns:macerator":3,"minecraft:diamond":11,"minecraft:lever":2,"waystones:waystone":3,"minecraft:granite":81,"minecraft:emerald":17,"minecraft:bread":19,"minecraft:oak_sapling":24,"minecraft:diamond_pickaxe":1,"minecraft:charcoal":2,"minecraft:crafting_table":4,"minecraft:chicken":1,"minecraft:clay_ball":4,"minecraft:chest_minecart":2,"minecraft:wooden_pickaxe":6,"minecraft:gold_block":1,"gravestone:obituary":1,"minecraft:moss_carpet":1,"minecraft:iron_axe":2,"scguns:small_copper_casing":14,"minecraft:flint_and_steel":1,"toughasnails:iron_water_canteen":1,"toughasnails:thermoregulator":6,"minecraft:beef":68,"scguns:ancient_brass":6,"minecraft:iron_nugget":329,"minecraft:sugar_cane":54,"minecraft:birch_sapling":13,"minecraft:phantom_membrane":17,"minecraft:egg":4,"minecraft:raw_iron":108,"minecraft:stone":9,"minecraft:copper_ingot":135,"minecraft:spruce_fence":1,"minecraft:note_block":6,"scguns:lightning_battery":9,"minecraft:carrot":6,"minecraft:redstone":74,"minecraft:beetroot_seeds":8,"minecraft:hay_block":45,"minecraft:gold_ingot":4,"minecraft:glow_berries":18,"minecraft:mutton":23,"minecraft:white_wool":17,"minecraft:rail":35,"minecraft:leather":113,"minecraft:birch_planks":7,"scguns:phosphorite":3,"minecraft:golden_boots":3,"minecraft:gunpowder":345,"minecraft:blue_bed":1,"scguns:anthralite_nugget":1,"scguns:treated_iron_blend":4,"minecraft:cooked_mutton":6,"toughasnails:diamond_water_canteen":1,"scguns:powder_and_ball":90,"scguns:powered_macerator":1,"minecraft:stone_pickaxe":4,"minecraft:iron_ingot":128,"minecraft:acacia_sapling":1,"scguns:polar_generator":1,"minecraft:iron_sword":4,"scguns:advanced_round":1,"scguns:powered_mechanical_press":2,"minecraft:gravel":10,"minecraft:lava_bucket":1,"toughasnails:empty_leather_canteen":2,"minecraft:blast_furnace":3,"minecraft:spruce_log":41,"minecraft:spider_eye":21,"scguns:mechanical_press":5,"minecraft:polished_diorite_stairs":12,"travelersbackpack:standard":6,"minecraft:purple_bed":1,"minecraft:slime_ball":22,"minecraft:polished_diorite":2,"scguns:gun_bench":6,"minecraft:cherry_sapling":14,"minecraft:gray_wool":1,"minecraft:coal":299,"minecraft:hopper":11,"minecraft:ender_pearl":37}},"DataVersion":3465}