{"stats":{"minecraft:broken":{"toughasnails:leather_water_canteen":2},"minecraft:used":{"minecraft:cooked_mutton":2,"toughasnails:water_purifier":1,"minecraft:birch_planks":1,"minecraft:stone_pickaxe":50,"minecraft:spruce_planks":2,"minecraft:wooden_pickaxe":13,"minecraft:stone":1,"minecraft:rotten_flesh":5,"minecraft:torch":2,"minecraft:dirt":15,"minecraft:mutton":1,"minecraft:crafting_table":7,"minecraft:spruce_fence":1,"minecraft:wooden_axe":32,"minecraft:bread":9,"minecraft:iron_axe":1,"travelersbackpack:white_sleeping_bag":1,"minecraft:iron_pickaxe":48,"minecraft:diamond_sword":6,"minecraft:cobblestone":6,"toughasnails:leather_water_canteen":19,"travelersbackpack:standard":5,"minecraft:furnace":3,"minecraft:cooked_beef":4,"toughasnails:empty_leather_canteen":2},"minecraft:dropped":{"minecraft:iron_ingot":17,"minecraft:iron_sword":1,"minecraft:cooked_beef":30,"minecraft:diamond":2,"minecraft:leather":24,"travelersbackpack:standard":1,"scguns:phosphorite":1,"scguns:gun_bench":1,"minecraft:stone":1,"minecraft:gunpowder":12,"minecraft:wooden_axe":2,"minecraft:spruce_log":23,"minecraft:wooden_pickaxe":6,"minecraft:gold_ingot":1},"minecraft:picked_up":{"minecraft:wooden_axe":2,"minecraft:birch_log":6,"minecraft:crafting_table":2,"minecraft:cooked_beef":58,"minecraft:leather":90,"minecraft:wooden_pickaxe":6,"minecraft:potato":30,"minecraft:birch_planks":7,"scguns:phosphorite":3,"minecraft:gunpowder":18,"minecraft:dirt":28,"minecraft:blue_bed":1,"minecraft:raw_copper":10,"minecraft:iron_leggings":6,"minecraft:cooked_mutton":6,"scguns:powder_and_ball":48,"minecraft:glass":14,"minecraft:bone":3,"minecraft:iron_ingot":17,"minecraft:spruce_planks":26,"minecraft:stone_pickaxe":3,"minecraft:beef":60,"minecraft:iron_pickaxe":3,"minecraft:iron_sword":3,"minecraft:phantom_membrane":3,"minecraft:iron_boots":3,"minecraft:furnace":3,"minecraft:stick":33,"minecraft:raw_iron":34,"minecraft:copper_ingot":9,"minecraft:torch":2,"minecraft:spruce_fence":1,"minecraft:sand":16,"toughasnails:empty_leather_canteen":1,"minecraft:spruce_log":41,"travelersbackpack:white_sleeping_bag":1,"travelersbackpack:standard":3,"toughasnails:water_purifier":1,"minecraft:rotten_flesh":38,"minecraft:slime_ball":5,"minecraft:diamond":8,"scguns:gun_bench":5,"minecraft:emerald":9,"minecraft:bread":10,"minecraft:gold_ingot":4,"minecraft:oak_sapling":21,"minecraft:mutton":11,"minecraft:coal":78,"minecraft:white_wool":9,"minecraft:cobblestone":110},"minecraft:custom":{"minecraft:interact_with_furnace":23,"minecraft:mob_kills":26,"minecraft:interact_with_crafting_table":20,"minecraft:damage_dealt_resisted":82,"minecraft:leave_game":7,"minecraft:time_since_death":16860,"minecraft:sleep_in_bed":3,"minecraft:climb_one_cm":341,"minecraft:time_since_rest":15732,"minecraft:waystone_activated":1,"minecraft:sprint_one_cm":122374,"minecraft:damage_taken":1768,"minecraft:walk_one_cm":91128,"minecraft:drop":20,"minecraft:damage_dealt":3105,"minecraft:swim_one_cm":2890,"minecraft:talked_to_villager":1,"minecraft:fly_one_cm":62715,"minecraft:open_chest":8,"minecraft:crouch_one_cm":8824,"minecraft:play_time":59248,"minecraft:deaths":7,"minecraft:sneak_time":2871,"minecraft:walk_under_water_one_cm":4446,"minecraft:jump":434,"minecraft:walk_on_water_one_cm":5519,"minecraft:total_world_time":59248,"minecraft:fall_one_cm":9655},"minecraft:crafted":{"minecraft:cooked_beef":24,"minecraft:crafting_table":5,"minecraft:spruce_planks":36,"travelersbackpack:backpack_tank":2,"travelersbackpack:standard":1,"minecraft:wooden_pickaxe":2,"minecraft:furnace":1,"minecraft:birch_planks":24,"toughasnails:empty_leather_canteen":1,"minecraft:cooked_mutton":5,"minecraft:air":0,"minecraft:glass":14,"travelersbackpack:white_sleeping_bag":1,"toughasnails:water_purifier":1,"minecraft:iron_axe":1,"minecraft:stick":24,"minecraft:iron_ingot":17,"minecraft:stone_pickaxe":1,"minecraft:wooden_axe":2,"minecraft:chest":1,"quark:spruce_chest":1},"minecraft:killed":{"hordes:zombie_player":3,"minecraft:sheep":3,"minecraft:zombie":2,"minecraft:cow":18},"minecraft:killed_by":{"minecraft:zombie":2,"hordes:zombie_player":2},"minecraft:mined":{"minecraft:spruce_planks":1,"toughasnails:water_purifier":1,"travelersbackpack:standard":2,"minecraft:crafting_table":2,"minecraft:grass_block":6,"minecraft:spruce_fence":1,"minecraft:copper_ore":1,"travelersbackpack:white_sleeping_bag":1,"minecraft:cobblestone":10,"scguns:gun_bench":1,"minecraft:wall_torch":1,"minecraft:blue_bed":1,"minecraft:large_fern":1,"minecraft:furnace":2,"minecraft:birch_log":6,"minecraft:iron_ore":17,"minecraft:spruce_log":5,"minecraft:grass":1,"minecraft:coal_ore":20,"minecraft:sand":15,"minecraft:dirt":9,"scguns:phosphorite":1,"minecraft:stone":58}},"DataVersion":3465}