{"stats":{"minecraft:killed_by":{"scguns:sky_carrier":1,"minecraft:zombie":7,"minecraft:player":1,"hordes:zombie_player":2},"minecraft:crafted":{"minecraft:smooth_stone":27,"minecraft:cobblestone_slab":6,"toughasnails:empty_iron_canteen":1,"minecraft:lightning_rod":4,"minecraft:stone":36,"minecraft:lever":1,"quark:cherry_chest":11,"minecraft:cooked_mutton":5,"minecraft:hopper":6,"minecraft:glass":28,"minecraft:chest":1,"minecraft:copper_block":5,"scguns:gun_bench":1,"travelersbackpack:iron_tier_upgrade":1,"toughasnails:rain_collector":1,"minecraft:crafting_table":9,"minecraft:spruce_planks":120,"minecraft:wooden_pickaxe":2,"travelersbackpack:standard":1,"minecraft:smithing_table":1,"minecraft:copper_ingot":52,"minecraft:sticky_piston":1,"minecraft:birch_planks":24,"scguns:anthralite_ingot":42,"scguns:lightning_battery":3,"minecraft:diamond_pickaxe":1,"minecraft:charcoal":2,"toughasnails:water_purifier":1,"scguns:mechanical_press":1,"scguns:blank_mold":1,"minecraft:stick":40,"minecraft:iron_ingot":38,"minecraft:iron_pickaxe":2,"minecraft:iron_block":1,"minecraft:gold_ingot":7,"minecraft:polished_diorite_stairs":4,"minecraft:cherry_planks":24,"minecraft:smooth_stone_slab":6,"minecraft:furnace":10,"minecraft:blast_furnace":3,"minecraft:piston":1,"toughasnails:empty_leather_canteen":1,"travelersbackpack:blank_upgrade":4,"travelersbackpack:gold_tier_upgrade":1,"minecraft:flint_and_steel":1,"quark:acacia_chest":3,"travelersbackpack:white_sleeping_bag":1,"minecraft:polished_diorite":8,"minecraft:iron_axe":1,"minecraft:stone_pickaxe":1,"minecraft:redstone_block":1,"quark:spruce_chest":5,"scguns:macerator":1,"minecraft:cooked_beef":33,"scguns:lightning_rod_connector":2,"travelersbackpack:backpack_tank":4,"toughasnails:empty_diamond_canteen":1,"minecraft:iron_sword":3,"minecraft:bucket":2,"minecraft:air":0,"minecraft:wooden_axe":2,"minecraft:acacia_planks":24},"minecraft:mined":{"minecraft:spruce_planks":3,"quark:cherry_chest":13,"minecraft:cherry_log":22,"minecraft:granite":15,"minecraft:acacia_log":24,"minecraft:grass_block":12,"minecraft:hopper":11,"scguns:mechanical_press":4,"minecraft:spawner":4,"minecraft:glowstone":2,"minecraft:iron_ore":30,"minecraft:cobbled_deepslate":2,"minecraft:barrel":2,"minecraft:deepslate_lapis_ore":4,"scguns:phosphorite":1,"minecraft:orange_bed":1,"minecraft:piston_head":1,"minecraft:deepslate_redstone_ore":6,"minecraft:powder_snow":12,"minecraft:clay":1,"minecraft:torch":7,"minecraft:calcite":37,"minecraft:cobblestone":54,"minecraft:grindstone":2,"minecraft:wall_torch":12,"minecraft:pink_petals":1,"minecraft:polished_diorite_stairs":9,"scguns:macerator":2,"minecraft:birch_log":18,"minecraft:grass":10,"minecraft:acacia_fence":4,"minecraft:sand":41,"minecraft:dirt":15,"toughasnails:thermoregulator":5,"travelersbackpack:gold":2,"minecraft:stonecutter":3,"minecraft:oak_leaves":4,"minecraft:deepslate":22,"scguns:sulfur_ore":2,"minecraft:deepslate_diamond_ore":3,"minecraft:cherry_sapling":7,"minecraft:lever":1,"gravestone:gravestone":1,"minecraft:spruce_fence":1,"travelersbackpack:white_sleeping_bag":1,"minecraft:moss_block":1,"minecraft:large_fern":1,"minecraft:redstone_ore":2,"minecraft:furnace":10,"minecraft:acacia_stairs":1,"minecraft:bell":1,"minecraft:deepslate_iron_ore":12,"minecraft:cobblestone_slab":7,"scguns:deepslate_sulfur_ore":29,"minecraft:stone":663,"minecraft:smithing_table":1,"minecraft:acacia_leaves":2,"toughasnails:water_purifier":4,"travelersbackpack:standard":4,"minecraft:crafting_table":4,"minecraft:lightning_rod":3,"minecraft:copper_ore":16,"minecraft:deepslate_gold_ore":7,"minecraft:diorite":150,"scguns:gun_bench":2,"minecraft:blue_bed":1,"minecraft:purple_bed":1,"minecraft:spruce_log":5,"scguns:lightning_rod_connector":2,"scguns:deepslate_anthralite_ore":39,"minecraft:coal_ore":68,"minecraft:cherry_leaves":2,"minecraft:gravel":12,"minecraft:cobweb":28,"scguns:lightning_battery":4,"scguns:anthralite_ore":3},"minecraft:broken":{"minecraft:golden_helmet":1,"minecraft:iron_sword":3,"toughasnails:leather_water_canteen":7,"minecraft:iron_pickaxe":2,"toughasnails:iron_water_canteen":1},"minecraft:killed":{"scguns:supply_scamp":1,"hordes:husk_player":1,"scguns:sky_carrier":1,"minecraft:zombie_villager":2,"minecraft:sheep":5,"minecraft:zombie":221,"minecraft:cow":19,"hordes:zombie_player":5,"mozombies_wave:zombie_pa":1,"minecraft:drowned":1,"mozombies_wave:zombie_cyborg":1},"minecraft:dropped":{"minecraft:iron_sword":1,"minecraft:moss_block":1,"minecraft:birch_planks":1,"minecraft:cooked_beef":30,"minecraft:diamond":2,"minecraft:chest_minecart":1,"minecraft:leather":24,"travelersbackpack:standard":1,"minecraft:rail":18,"gravestone:obituary":2,"minecraft:sand":1,"minecraft:gold_ingot":1,"minecraft:iron_nugget":37,"minecraft:cobbled_deepslate":11,"minecraft:netherite_sword":1,"minecraft:rotten_flesh":245,"minecraft:carrot":1,"scguns:gun_bench":1,"minecraft:gunpowder":12,"minecraft:beetroot_seeds":4,"minecraft:golden_boots":2,"minecraft:iron_ingot":18,"minecraft:cobblestone":36,"minecraft:granite":19,"minecraft:tropical_fish":12,"scguns:phosphorite":1,"minecraft:stick":5,"minecraft:wooden_axe":2,"minecraft:iron_leggings":1,"minecraft:moss_carpet":1,"minecraft:clay_ball":4,"minecraft:potato":21,"minecraft:stone":1,"minecraft:golden_leggings":1,"minecraft:spruce_log":151,"minecraft:stone_pickaxe":1,"minecraft:wooden_pickaxe":6},"minecraft:used":{"minecraft:cherry_sapling":7,"minecraft:stone":1,"minecraft:iron_sword":604,"minecraft:rotten_flesh":16,"quark:cherry_chest":24,"minecraft:mutton":1,"minecraft:lava_bucket":2,"toughasnails:leather_water_canteen":63,"minecraft:furnace":15,"minecraft:acacia_fence":3,"minecraft:polished_diorite_stairs":13,"minecraft:diorite":19,"scguns:gun_bench":2,"minecraft:stone_pickaxe":51,"minecraft:wooden_pickaxe":13,"minecraft:lightning_rod":5,"minecraft:sticky_piston":2,"waystones:waystone":2,"minecraft:lever":3,"minecraft:bread":25,"toughasnails:empty_diamond_canteen":1,"minecraft:gravel":9,"minecraft:diamond_sword":6,"minecraft:grindstone":2,"minecraft:smithing_table":2,"toughasnails:iron_water_canteen":21,"toughasnails:thermoregulator":5,"minecraft:netherite_sword":77,"toughasnails:water_purifier":4,"minecraft:spruce_planks":4,"minecraft:orange_bed":1,"minecraft:torch":52,"minecraft:dirt":17,"toughasnails:empty_iron_canteen":2,"minecraft:hopper":17,"minecraft:spruce_fence":1,"minecraft:wooden_axe":32,"travelersbackpack:gold":7,"scguns:mechanical_press":5,"minecraft:iron_axe":163,"scguns:lightning_battery":7,"minecraft:barrel":2,"minecraft:cooked_beef":38,"minecraft:cobbled_deepslate":6,"toughasnails:empty_leather_canteen":8,"minecraft:cooked_mutton":5,"minecraft:water_bucket":4,"minecraft:birch_planks":1,"minecraft:stonecutter":3,"minecraft:cobblestone_slab":11,"minecraft:crafting_table":13,"toughasnails:rain_collector":1,"toughasnails:diamond_water_canteen":34,"scguns:macerator":3,"minecraft:diamond_pickaxe":475,"scguns:lightning_rod_connector":4,"minecraft:iron_pickaxe":711,"travelersbackpack:white_sleeping_bag":1,"minecraft:cobblestone":117,"minecraft:purple_bed":1,"travelersbackpack:standard":8,"minecraft:bucket":8},"minecraft:custom":{"minecraft:interact_with_crafting_table":65,"minecraft:open_barrel":8,"minecraft:leave_game":10,"minecraft:time_since_death":79273,"minecraft:sprint_one_cm":619583,"minecraft:drop":63,"minecraft:talked_to_villager":3,"minecraft:play_time":324794,"minecraft:deaths":14,"minecraft:jump":2019,"minecraft:walk_on_water_one_cm":32091,"minecraft:interact_with_furnace":69,"minecraft:sleep_in_bed":11,"minecraft:waystone_activated":4,"minecraft:damage_dealt":40568,"minecraft:crouch_one_cm":82316,"minecraft:interact_with_smithing_table":3,"minecraft:mob_kills":266,"minecraft:inspect_hopper":5,"minecraft:damage_dealt_resisted":148,"minecraft:climb_one_cm":341,"minecraft:walk_one_cm":538909,"minecraft:sneak_time":30906,"minecraft:walk_under_water_one_cm":17286,"minecraft:total_world_time":324794,"minecraft:interact_with_stonecutter":4,"minecraft:time_since_rest":66106,"minecraft:damage_taken":5977,"minecraft:swim_one_cm":22982,"minecraft:fly_one_cm":336636,"minecraft:open_chest":175,"minecraft:fall_one_cm":45139},"minecraft:picked_up":{"minecraft:wooden_axe":2,"minecraft:wheat":1,"minecraft:redstone_block":1,"minecraft:smithing_table":1,"minecraft:acacia_pressure_plate":2,"scguns:disc_mold":1,"scguns:raw_anthralite":48,"minecraft:string":117,"minecraft:raw_copper":83,"minecraft:smooth_stone_slab":4,"minecraft:iron_leggings":8,"minecraft:sticky_piston":1,"minecraft:cobbled_deepslate":24,"minecraft:smooth_stone":30,"minecraft:spruce_planks":30,"minecraft:cobblestone_slab":9,"minecraft:calcite":37,"minecraft:iron_pickaxe":5,"minecraft:enchanted_golden_apple":3,"minecraft:furnace":12,"minecraft:iron_boots":5,"minecraft:golden_helmet":1,"minecraft:stick":35,"minecraft:acacia_fence":6,"quark:cherry_chest":13,"minecraft:torch":36,"minecraft:acacia_log":24,"minecraft:lightning_rod":3,"minecraft:cherry_log":22,"minecraft:diorite":276,"minecraft:golden_chestplate":2,"minecraft:orange_bed":1,"minecraft:rotten_flesh":1677,"minecraft:tropical_fish":13,"minecraft:cobblestone":899,"minecraft:birch_log":18,"minecraft:pink_petals":3,"scguns:lightning_rod_connector":2,"minecraft:cooked_beef":75,"minecraft:water_bucket":1,"minecraft:copper_block":2,"minecraft:golden_leggings":2,"minecraft:potato":51,"minecraft:flint":2,"scguns:compact_advanced_round":5,"minecraft:lapis_lazuli":58,"minecraft:dirt":48,"minecraft:glass":16,"minecraft:bone":211,"minecraft:stonecutter":3,"minecraft:wheat_seeds":9,"minecraft:raw_gold":8,"minecraft:bell":1,"minecraft:grindstone":2,"minecraft:glowstone_dust":7,"scguns:sulfur_chunk":89,"minecraft:moss_block":1,"travelersbackpack:gold":6,"toughasnails:thermometer":1,"minecraft:sand":54,"minecraft:acacia_stairs":3,"minecraft:barrel":2,"travelersbackpack:white_sleeping_bag":1,"toughasnails:water_purifier":4,"scguns:macerator":2,"minecraft:diamond":11,"waystones:waystone":2,"minecraft:lever":2,"minecraft:granite":49,"minecraft:bread":19,"minecraft:emerald":17,"minecraft:oak_sapling":24,"minecraft:diamond_pickaxe":1,"minecraft:charcoal":2,"minecraft:crafting_table":4,"minecraft:clay_ball":4,"minecraft:chest_minecart":2,"minecraft:wooden_pickaxe":6,"gravestone:obituary":1,"minecraft:moss_carpet":1,"minecraft:iron_axe":2,"minecraft:flint_and_steel":1,"toughasnails:iron_water_canteen":1,"toughasnails:thermoregulator":5,"minecraft:beef":63,"scguns:ancient_brass":6,"minecraft:iron_nugget":329,"minecraft:birch_sapling":5,"minecraft:phantom_membrane":17,"minecraft:egg":4,"minecraft:raw_iron":76,"minecraft:stone":9,"minecraft:copper_ingot":135,"minecraft:spruce_fence":1,"minecraft:note_block":6,"minecraft:carrot":6,"scguns:lightning_battery":4,"minecraft:redstone":74,"minecraft:beetroot_seeds":8,"minecraft:gold_ingot":4,"minecraft:glow_berries":18,"minecraft:mutton":13,"minecraft:white_wool":11,"minecraft:rail":35,"minecraft:leather":110,"minecraft:birch_planks":7,"scguns:phosphorite":3,"minecraft:golden_boots":3,"minecraft:gunpowder":344,"minecraft:blue_bed":1,"scguns:anthralite_nugget":1,"scguns:treated_iron_blend":4,"minecraft:cooked_mutton":6,"toughasnails:diamond_water_canteen":1,"scguns:powder_and_ball":90,"minecraft:stone_pickaxe":4,"minecraft:iron_ingot":128,"minecraft:acacia_sapling":1,"minecraft:iron_sword":4,"scguns:advanced_round":1,"minecraft:gravel":10,"minecraft:lava_bucket":1,"toughasnails:empty_leather_canteen":2,"minecraft:blast_furnace":3,"minecraft:spruce_log":41,"minecraft:spider_eye":21,"scguns:mechanical_press":4,"minecraft:polished_diorite_stairs":9,"travelersbackpack:standard":6,"minecraft:purple_bed":1,"minecraft:slime_ball":22,"minecraft:polished_diorite":2,"scguns:gun_bench":6,"minecraft:cherry_sapling":14,"minecraft:coal":210,"minecraft:hopper":11,"minecraft:ender_pearl":36}},"DataVersion":3465}