{"stats":{"minecraft:killed_by":{"minecraft:player":1,"scguns:sky_carrier":1,"hordes:zombie_player":2,"minecraft:zombie":7},"minecraft:crafted":{"minecraft:cherry_planks":24,"minecraft:smooth_stone":27,"minecraft:smooth_stone_slab":6,"minecraft:lightning_rod":4,"toughasnails:empty_iron_canteen":1,"minecraft:furnace":10,"minecraft:blast_furnace":3,"minecraft:stone":36,"quark:cherry_chest":11,"toughasnails:empty_leather_canteen":1,"travelersbackpack:blank_upgrade":4,"travelersbackpack:gold_tier_upgrade":1,"minecraft:flint_and_steel":1,"minecraft:cooked_mutton":5,"minecraft:hopper":3,"minecraft:glass":28,"travelersbackpack:white_sleeping_bag":1,"minecraft:polished_diorite":8,"minecraft:iron_axe":1,"minecraft:stone_pickaxe":1,"minecraft:chest":1,"scguns:gun_bench":1,"minecraft:copper_block":5,"minecraft:redstone_block":1,"quark:spruce_chest":5,"scguns:macerator":1,"minecraft:cooked_beef":26,"scguns:lightning_rod_connector":2,"travelersbackpack:iron_tier_upgrade":1,"minecraft:crafting_table":9,"minecraft:spruce_planks":100,"travelersbackpack:standard":1,"travelersbackpack:backpack_tank":4,"toughasnails:empty_diamond_canteen":1,"minecraft:wooden_pickaxe":2,"minecraft:iron_sword":2,"minecraft:smithing_table":1,"minecraft:copper_ingot":36,"minecraft:bucket":2,"minecraft:birch_planks":24,"scguns:anthralite_ingot":42,"minecraft:air":0,"scguns:lightning_battery":3,"minecraft:charcoal":2,"minecraft:diamond_pickaxe":1,"toughasnails:water_purifier":1,"scguns:mechanical_press":1,"scguns:blank_mold":1,"minecraft:stick":40,"minecraft:iron_ingot":38,"minecraft:iron_pickaxe":2,"minecraft:wooden_axe":2,"minecraft:iron_block":1,"minecraft:gold_ingot":7,"minecraft:polished_diorite_stairs":4},"minecraft:mined":{"minecraft:spruce_planks":3,"minecraft:deepslate_diamond_ore":3,"minecraft:cherry_log":22,"minecraft:granite":13,"gravestone:gravestone":1,"minecraft:grass_block":11,"minecraft:spruce_fence":1,"minecraft:hopper":5,"travelersbackpack:white_sleeping_bag":1,"minecraft:moss_block":1,"scguns:mechanical_press":2,"minecraft:spawner":4,"minecraft:large_fern":1,"minecraft:redstone_ore":2,"minecraft:furnace":5,"minecraft:iron_ore":26,"minecraft:barrel":1,"minecraft:cobbled_deepslate":2,"minecraft:acacia_stairs":1,"minecraft:deepslate_lapis_ore":4,"minecraft:deepslate_iron_ore":12,"scguns:phosphorite":1,"scguns:deepslate_sulfur_ore":29,"minecraft:stone":246,"minecraft:orange_bed":1,"minecraft:deepslate_redstone_ore":6,"toughasnails:water_purifier":3,"minecraft:powder_snow":12,"minecraft:clay":1,"travelersbackpack:standard":3,"minecraft:crafting_table":3,"minecraft:torch":7,"minecraft:calcite":37,"minecraft:lightning_rod":1,"minecraft:copper_ore":16,"minecraft:cobblestone":43,"minecraft:deepslate_gold_ore":7,"scguns:gun_bench":1,"minecraft:diorite":149,"minecraft:blue_bed":1,"minecraft:wall_torch":10,"minecraft:pink_petals":1,"minecraft:polished_diorite_stairs":2,"minecraft:birch_log":6,"minecraft:spruce_log":5,"minecraft:grass":6,"scguns:deepslate_anthralite_ore":39,"minecraft:coal_ore":68,"minecraft:acacia_fence":4,"minecraft:cherry_leaves":2,"minecraft:gravel":12,"minecraft:dirt":15,"minecraft:sand":41,"toughasnails:thermoregulator":3,"minecraft:cobweb":28,"scguns:lightning_battery":1,"travelersbackpack:gold":2,"minecraft:stonecutter":1,"scguns:anthralite_ore":3,"minecraft:oak_leaves":4,"minecraft:deepslate":22,"scguns:sulfur_ore":2},"minecraft:broken":{"toughasnails:leather_water_canteen":7,"minecraft:iron_sword":2,"minecraft:iron_pickaxe":2,"toughasnails:iron_water_canteen":1},"minecraft:killed":{"hordes:zombie_player":5,"scguns:supply_scamp":1,"mozombies_wave:zombie_pa":1,"hordes:husk_player":1,"minecraft:drowned":1,"mozombies_wave:zombie_cyborg":1,"scguns:sky_carrier":1,"minecraft:zombie_villager":2,"minecraft:sheep":3,"minecraft:zombie":149,"minecraft:cow":19},"minecraft:dropped":{"minecraft:golden_boots":2,"minecraft:iron_ingot":18,"minecraft:iron_sword":1,"minecraft:moss_block":1,"minecraft:birch_planks":1,"minecraft:cooked_beef":30,"minecraft:diamond":2,"minecraft:cobblestone":36,"minecraft:leather":24,"minecraft:chest_minecart":1,"minecraft:granite":19,"minecraft:tropical_fish":12,"minecraft:rail":18,"travelersbackpack:standard":1,"scguns:phosphorite":1,"minecraft:stick":5,"minecraft:wooden_axe":2,"minecraft:iron_leggings":1,"gravestone:obituary":2,"minecraft:sand":1,"minecraft:gold_ingot":1,"minecraft:moss_carpet":1,"minecraft:iron_nugget":37,"minecraft:cobbled_deepslate":11,"minecraft:netherite_sword":1,"minecraft:rotten_flesh":245,"minecraft:clay_ball":4,"minecraft:carrot":1,"scguns:gun_bench":1,"minecraft:potato":21,"minecraft:stone":1,"minecraft:gunpowder":12,"minecraft:beetroot_seeds":4,"minecraft:golden_leggings":1,"minecraft:spruce_log":151,"minecraft:stone_pickaxe":1,"minecraft:wooden_pickaxe":6},"minecraft:used":{"toughasnails:thermoregulator":3,"minecraft:netherite_sword":77,"toughasnails:water_purifier":4,"minecraft:spruce_planks":4,"minecraft:stone":1,"minecraft:iron_sword":371,"minecraft:rotten_flesh":5,"minecraft:orange_bed":1,"minecraft:torch":40,"quark:cherry_chest":11,"minecraft:dirt":17,"minecraft:mutton":1,"toughasnails:empty_iron_canteen":2,"minecraft:hopper":5,"minecraft:spruce_fence":1,"minecraft:wooden_axe":32,"minecraft:lava_bucket":2,"travelersbackpack:gold":7,"scguns:mechanical_press":3,"minecraft:iron_axe":108,"scguns:lightning_battery":4,"toughasnails:leather_water_canteen":63,"minecraft:furnace":10,"minecraft:acacia_fence":3,"minecraft:polished_diorite_stairs":6,"minecraft:cooked_beef":35,"minecraft:cobbled_deepslate":6,"toughasnails:empty_leather_canteen":8,"minecraft:cooked_mutton":5,"minecraft:water_bucket":4,"minecraft:diorite":19,"scguns:gun_bench":1,"minecraft:birch_planks":1,"minecraft:stone_pickaxe":51,"minecraft:stonecutter":1,"minecraft:wooden_pickaxe":13,"minecraft:crafting_table":12,"scguns:macerator":1,"toughasnails:diamond_water_canteen":24,"minecraft:lightning_rod":3,"minecraft:diamond_pickaxe":7,"scguns:lightning_rod_connector":2,"minecraft:bread":25,"minecraft:iron_pickaxe":692,"travelersbackpack:white_sleeping_bag":1,"toughasnails:empty_diamond_canteen":1,"minecraft:gravel":9,"minecraft:diamond_sword":6,"travelersbackpack:standard":7,"minecraft:cobblestone":103,"minecraft:smithing_table":1,"minecraft:bucket":8,"toughasnails:iron_water_canteen":21},"minecraft:custom":{"minecraft:interact_with_smithing_table":3,"minecraft:mob_kills":187,"minecraft:inspect_hopper":5,"minecraft:interact_with_crafting_table":56,"minecraft:open_barrel":3,"minecraft:damage_dealt_resisted":88,"minecraft:leave_game":9,"minecraft:time_since_death":31535,"minecraft:climb_one_cm":341,"minecraft:sprint_one_cm":530761,"minecraft:walk_one_cm":434413,"minecraft:drop":63,"minecraft:talked_to_villager":3,"minecraft:play_time":277056,"minecraft:deaths":14,"minecraft:sneak_time":23288,"minecraft:walk_under_water_one_cm":17139,"minecraft:jump":1807,"minecraft:walk_on_water_one_cm":31850,"minecraft:total_world_time":277056,"minecraft:interact_with_furnace":65,"minecraft:interact_with_stonecutter":4,"minecraft:sleep_in_bed":11,"minecraft:time_since_rest":18368,"minecraft:waystone_activated":2,"minecraft:damage_taken":5784,"minecraft:damage_dealt":29216,"minecraft:swim_one_cm":22982,"minecraft:fly_one_cm":299163,"minecraft:open_chest":138,"minecraft:crouch_one_cm":65703,"minecraft:fall_one_cm":40526},"minecraft:picked_up":{"minecraft:wooden_axe":2,"minecraft:crafting_table":3,"minecraft:clay_ball":4,"minecraft:chest_minecart":2,"minecraft:wooden_pickaxe":6,"minecraft:acacia_pressure_plate":1,"gravestone:obituary":1,"minecraft:flint_and_steel":1,"scguns:raw_anthralite":48,"minecraft:string":56,"minecraft:moss_carpet":1,"minecraft:raw_copper":83,"minecraft:iron_axe":2,"minecraft:smooth_stone_slab":2,"minecraft:iron_leggings":8,"toughasnails:iron_water_canteen":1,"minecraft:smooth_stone":15,"minecraft:cobbled_deepslate":24,"minecraft:spruce_planks":30,"toughasnails:thermoregulator":3,"minecraft:beef":63,"minecraft:calcite":37,"scguns:ancient_brass":6,"minecraft:iron_nugget":188,"minecraft:iron_pickaxe":5,"minecraft:enchanted_golden_apple":2,"minecraft:egg":3,"minecraft:phantom_membrane":9,"minecraft:iron_boots":5,"minecraft:furnace":7,"minecraft:stick":33,"minecraft:raw_iron":72,"minecraft:acacia_fence":5,"minecraft:copper_ingot":87,"minecraft:torch":33,"minecraft:note_block":4,"minecraft:spruce_fence":1,"minecraft:lightning_rod":1,"minecraft:cherry_log":22,"minecraft:diorite":154,"scguns:lightning_battery":1,"minecraft:carrot":3,"minecraft:redstone":45,"minecraft:golden_chestplate":2,"minecraft:orange_bed":1,"minecraft:rotten_flesh":997,"minecraft:tropical_fish":13,"minecraft:beetroot_seeds":8,"minecraft:gold_ingot":4,"minecraft:glow_berries":6,"minecraft:mutton":11,"minecraft:rail":35,"minecraft:white_wool":9,"minecraft:cobblestone":412,"minecraft:birch_log":6,"minecraft:pink_petals":3,"minecraft:cooked_beef":75,"minecraft:water_bucket":1,"minecraft:leather":92,"minecraft:golden_leggings":2,"minecraft:potato":51,"minecraft:birch_planks":7,"scguns:phosphorite":3,"minecraft:flint":2,"scguns:compact_advanced_round":5,"minecraft:golden_boots":3,"minecraft:gunpowder":157,"minecraft:lapis_lazuli":29,"minecraft:dirt":39,"minecraft:blue_bed":1,"scguns:anthralite_nugget":1,"scguns:treated_iron_blend":4,"toughasnails:diamond_water_canteen":1,"minecraft:cooked_mutton":6,"scguns:powder_and_ball":90,"minecraft:glass":14,"minecraft:bone":102,"minecraft:stonecutter":1,"minecraft:wheat_seeds":3,"minecraft:raw_gold":8,"minecraft:iron_ingot":112,"minecraft:stone_pickaxe":4,"scguns:sulfur_chunk":89,"travelersbackpack:gold":6,"minecraft:moss_block":1,"minecraft:iron_sword":4,"scguns:advanced_round":1,"minecraft:lava_bucket":1,"toughasnails:thermometer":1,"minecraft:gravel":10,"minecraft:sand":42,"toughasnails:empty_leather_canteen":2,"minecraft:blast_furnace":3,"minecraft:spruce_log":41,"minecraft:acacia_stairs":2,"minecraft:barrel":1,"minecraft:spider_eye":13,"travelersbackpack:white_sleeping_bag":1,"scguns:mechanical_press":2,"minecraft:polished_diorite_stairs":2,"travelersbackpack:standard":5,"toughasnails:water_purifier":3,"minecraft:slime_ball":13,"minecraft:diamond":11,"scguns:gun_bench":5,"minecraft:granite":32,"minecraft:cherry_sapling":7,"minecraft:bread":19,"minecraft:emerald":9,"minecraft:oak_sapling":23,"minecraft:coal":179,"minecraft:hopper":5,"minecraft:diamond_pickaxe":1,"minecraft:ender_pearl":18}},"DataVersion":3465}