{"stats":{"minecraft:crafted":{"minecraft:cooked_beef":24,"minecraft:crafting_table":3,"minecraft:spruce_planks":8,"minecraft:wooden_pickaxe":2,"minecraft:furnace":1,"minecraft:birch_planks":24,"minecraft:cooked_mutton":5,"minecraft:air":0,"minecraft:stick":24,"minecraft:stone_pickaxe":1,"minecraft:wooden_axe":2},"minecraft:custom":{"minecraft:interact_with_furnace":11,"minecraft:mob_kills":24,"minecraft:interact_with_crafting_table":8,"minecraft:damage_dealt_resisted":82,"minecraft:leave_game":6,"minecraft:time_since_death":5872,"minecraft:climb_one_cm":341,"minecraft:time_since_rest":5919,"minecraft:waystone_activated":1,"minecraft:sprint_one_cm":110970,"minecraft:damage_taken":1033,"minecraft:walk_one_cm":67796,"minecraft:drop":6,"minecraft:damage_dealt":2729,"minecraft:talked_to_villager":1,"minecraft:fly_one_cm":53533,"minecraft:open_chest":8,"minecraft:crouch_one_cm":1561,"minecraft:play_time":29572,"minecraft:deaths":4,"minecraft:sneak_time":347,"minecraft:walk_under_water_one_cm":149,"minecraft:jump":361,"minecraft:walk_on_water_one_cm":68,"minecraft:total_world_time":29572,"minecraft:fall_one_cm":7698},"minecraft:dropped":{"minecraft:wooden_axe":1,"minecraft:wooden_pickaxe":5},"minecraft:used":{"minecraft:cooked_mutton":2,"minecraft:birch_planks":1,"minecraft:stone_pickaxe":25,"minecraft:spruce_planks":2,"minecraft:wooden_pickaxe":12,"minecraft:torch":2,"minecraft:dirt":10,"minecraft:mutton":1,"minecraft:crafting_table":5,"minecraft:spruce_fence":1,"minecraft:wooden_axe":32,"minecraft:bread":5,"minecraft:cobblestone":1,"minecraft:furnace":1,"minecraft:cooked_beef":1},"minecraft:killed_by":{"minecraft:zombie":1,"hordes:zombie_player":1},"minecraft:killed":{"hordes:zombie_player":1,"minecraft:sheep":3,"minecraft:zombie":2,"minecraft:cow":18},"minecraft:picked_up":{"minecraft:wooden_axe":2,"minecraft:birch_log":6,"minecraft:crafting_table":2,"minecraft:cooked_beef":8,"minecraft:leather":50,"minecraft:wooden_pickaxe":5,"minecraft:potato":20,"minecraft:birch_planks":6,"scguns:phosphorite":3,"minecraft:gunpowder":4,"minecraft:dirt":26,"minecraft:iron_leggings":4,"minecraft:cooked_mutton":3,"scguns:powder_and_ball":32,"minecraft:bone":2,"minecraft:spruce_planks":1,"minecraft:stone_pickaxe":2,"minecraft:beef":54,"minecraft:iron_pickaxe":2,"minecraft:iron_sword":1,"minecraft:phantom_membrane":2,"minecraft:iron_boots":2,"minecraft:furnace":1,"minecraft:stick":18,"minecraft:copper_ingot":6,"minecraft:torch":2,"minecraft:spruce_fence":1,"minecraft:spruce_log":18,"minecraft:rotten_flesh":28,"minecraft:slime_ball":3,"minecraft:diamond":4,"scguns:gun_bench":3,"minecraft:emerald":6,"minecraft:bread":10,"minecraft:gold_ingot":2,"minecraft:oak_sapling":14,"minecraft:mutton":11,"minecraft:coal":50,"minecraft:white_wool":9,"minecraft:cobblestone":14},"minecraft:mined":{"minecraft:spruce_planks":1,"minecraft:crafting_table":2,"minecraft:grass_block":6,"minecraft:spruce_fence":1,"minecraft:cobblestone":9,"scguns:gun_bench":1,"minecraft:wall_torch":1,"minecraft:large_fern":1,"minecraft:furnace":1,"minecraft:birch_log":6,"minecraft:spruce_log":5,"minecraft:grass":1,"minecraft:coal_ore":20,"minecraft:dirt":7,"scguns:phosphorite":1,"minecraft:stone":5}},"DataVersion":3465}