{"stats":{"minecraft:dropped":{"minecraft:iron_sword":1,"minecraft:moss_block":1,"minecraft:birch_planks":1,"minecraft:cooked_beef":30,"minecraft:diamond":2,"minecraft:leather":24,"minecraft:chest_minecart":1,"travelersbackpack:standard":1,"minecraft:rail":18,"minecraft:leather_helmet":6,"gravestone:obituary":13,"minecraft:sand":1,"minecraft:gold_ingot":1,"minecraft:iron_nugget":37,"minecraft:golden_chestplate":3,"minecraft:cobbled_deepslate":11,"minecraft:netherite_sword":1,"minecraft:rotten_flesh":2817,"minecraft:carrot":1,"minecraft:leather_chestplate":1,"scguns:gun_bench":1,"minecraft:tipped_arrow":3,"toughasnails:diamond_purified_water_canteen":1,"minecraft:gunpowder":12,"minecraft:beetroot_seeds":4,"minecraft:iron_ingot":18,"minecraft:golden_boots":5,"minecraft:bread":21,"toughasnails:iron_water_canteen":1,"minecraft:golden_helmet":1,"scguns:powder_and_ball":67,"minecraft:cobblestone":229,"minecraft:granite":19,"minecraft:tropical_fish":12,"minecraft:chainmail_helmet":2,"scguns:phosphorite":1,"minecraft:stick":5,"minecraft:wooden_axe":2,"scguns:grapeshot":16,"minecraft:iron_leggings":4,"minecraft:chainmail_leggings":1,"toughasnails:leather_water_canteen":1,"minecraft:moss_carpet":1,"minecraft:stone_sword":2,"scguns:pebbles":2,"minecraft:tuff":15,"minecraft:clay_ball":4,"minecraft:potato":21,"minecraft:stone":1,"minecraft:diamond_pickaxe":2,"minecraft:iron_chestplate":2,"minecraft:golden_leggings":5,"scguns:flintlock_pistol":1,"minecraft:golden_sword":4,"minecraft:spruce_log":151,"minecraft:stone_pickaxe":1,"minecraft:wooden_pickaxe":6},"minecraft:killed_by":{"minecraft:zombie_villager":1,"scguns:sky_carrier":1,"minecraft:creeper":1,"mozombies_wave:zombie_pirate":1,"mozombies_wave:zombie_cyborg":1,"minecraft:zombie":10,"scguns:swarm":1,"minecraft:player":1,"hordes:zombie_player":2},"minecraft:picked_up":{"minecraft:wooden_axe":2,"minecraft:iron_chestplate":2,"minecraft:wheat":2,"toughasnails:diamond_purified_water_canteen":2,"minecraft:redstone_block":1,"minecraft:lead":1,"minecraft:smithing_table":1,"minecraft:diamond_sword":1,"minecraft:acacia_pressure_plate":2,"minecraft:brewing_stand":1,"minecraft:golden_sword":1,"scguns:disc_mold":3,"scguns:raw_anthralite":87,"minecraft:string":127,"minecraft:raw_copper":242,"minecraft:smooth_stone_slab":4,"minecraft:iron_leggings":11,"minecraft:sticky_piston":2,"minecraft:smooth_stone":30,"minecraft:gold_nugget":11,"minecraft:cobbled_deepslate":926,"minecraft:spruce_planks":31,"minecraft:cobblestone_slab":24,"minecraft:calcite":37,"minecraft:iron_pickaxe":5,"minecraft:enchanted_golden_apple":3,"scguns:musket":1,"minecraft:iron_boots":6,"minecraft:furnace":12,"minecraft:golden_helmet":1,"minecraft:stick":53,"minecraft:acacia_fence":6,"minecraft:jukebox":1,"quark:cherry_chest":13,"minecraft:torch":72,"minecraft:acacia_log":24,"minecraft:porkchop":1,"minecraft:lightning_rod":5,"minecraft:cherry_log":39,"minecraft:diorite":294,"minecraft:golden_chestplate":3,"minecraft:cauldron":2,"minecraft:orange_bed":1,"minecraft:stone_sword":2,"minecraft:rotten_flesh":1984,"minecraft:tropical_fish":13,"minecraft:obsidian":4,"minecraft:cobblestone":1329,"minecraft:birch_log":68,"minecraft:pink_petals":3,"scguns:lightning_rod_connector":4,"minecraft:feather":4,"minecraft:cooked_beef":75,"minecraft:water_bucket":1,"minecraft:andesite":36,"minecraft:golden_leggings":3,"minecraft:copper_block":2,"minecraft:potato":53,"minecraft:flint":2,"minecraft:tuff":119,"scguns:compact_advanced_round":25,"minecraft:lapis_lazuli":208,"minecraft:dirt":99,"travelersbackpack:bookshelf":2,"minecraft:glass":16,"minecraft:bone":226,"minecraft:stonecutter":3,"minecraft:wheat_seeds":14,"minecraft:raw_gold":47,"minecraft:bell":1,"minecraft:grindstone":2,"minecraft:glowstone_dust":10,"scguns:sulfur_chunk":161,"travelersbackpack:gold":8,"minecraft:moss_block":1,"toughasnails:thermometer":1,"minecraft:sand":58,"toughasnails:leather_water_canteen":1,"minecraft:lily_of_the_valley":4,"minecraft:acacia_stairs":3,"minecraft:barrel":2,"minecraft:mossy_cobblestone":21,"travelersbackpack:white_sleeping_bag":1,"toughasnails:water_purifier":5,"scguns:macerator":3,"minecraft:diamond":71,"minecraft:lever":2,"waystones:waystone":6,"minecraft:granite":97,"minecraft:chainmail_helmet":1,"minecraft:emerald":17,"minecraft:bread":73,"minecraft:oak_sapling":24,"minecraft:diamond_pickaxe":5,"minecraft:charcoal":2,"minecraft:crafting_table":4,"minecraft:chicken":4,"minecraft:clay_ball":4,"minecraft:chest_minecart":2,"minecraft:wooden_pickaxe":6,"minecraft:gold_block":1,"gravestone:obituary":6,"scguns:compact_copper_round":139,"minecraft:moss_carpet":1,"minecraft:iron_axe":2,"minecraft:flint_and_steel":1,"scguns:small_copper_casing":139,"toughasnails:iron_water_canteen":1,"toughasnails:thermoregulator":6,"minecraft:beef":86,"scguns:ancient_brass":34,"minecraft:iron_nugget":352,"minecraft:poppy":1,"minecraft:sugar_cane":192,"minecraft:birch_sapling":17,"minecraft:phantom_membrane":19,"minecraft:egg":5,"minecraft:raw_iron":156,"minecraft:stone":13,"minecraft:copper_ingot":156,"minecraft:note_block":6,"minecraft:spruce_fence":1,"scguns:lightning_battery":9,"minecraft:carrot":8,"minecraft:redstone":277,"minecraft:arrow":1,"minecraft:beetroot_seeds":8,"minecraft:hay_block":45,"minecraft:gold_ingot":4,"scguns:niter_dust":1,"minecraft:glow_berries":18,"minecraft:mutton":24,"minecraft:rail":35,"minecraft:white_wool":18,"minecraft:leather":123,"minecraft:birch_planks":7,"scguns:phosphorite":3,"minecraft:golden_boots":3,"minecraft:gunpowder":377,"scguns:pebbles":2,"minecraft:blue_bed":1,"scguns:anthralite_nugget":5,"scguns:treated_iron_blend":4,"minecraft:cooked_mutton":6,"toughasnails:diamond_water_canteen":1,"scguns:powder_and_ball":92,"scguns:powered_macerator":1,"scguns:rusty_gnat":1,"minecraft:iron_ingot":135,"minecraft:stone_pickaxe":4,"scguns:polar_generator":1,"minecraft:iron_sword":4,"minecraft:acacia_sapling":1,"minecraft:book":3,"scguns:advanced_round":21,"scguns:powered_mechanical_press":2,"minecraft:raw_iron_block":1,"minecraft:gravel":34,"minecraft:lava_bucket":1,"toughasnails:empty_leather_canteen":2,"minecraft:spruce_sapling":1,"minecraft:blast_furnace":3,"minecraft:spruce_log":46,"minecraft:spider_eye":24,"minecraft:leather_helmet":1,"scguns:mechanical_press":5,"minecraft:polished_diorite_stairs":12,"travelersbackpack:standard":7,"minecraft:purple_bed":4,"minecraft:slime_ball":22,"minecraft:polished_diorite":2,"scguns:gun_bench":6,"minecraft:cherry_sapling":14,"minecraft:gray_wool":1,"minecraft:coal":312,"minecraft:hopper":11,"minecraft:ender_pearl":38},"minecraft:mined":{"minecraft:spruce_planks":3,"quark:cherry_chest":13,"minecraft:cherry_log":39,"minecraft:brewing_stand":1,"minecraft:obsidian":4,"minecraft:granite":63,"minecraft:acacia_log":24,"minecraft:grass_block":20,"scguns:powered_macerator":1,"minecraft:oak_pressure_plate":1,"minecraft:hopper":11,"scguns:mechanical_press":5,"minecraft:spawner":6,"minecraft:raw_iron_block":1,"minecraft:glowstone":3,"minecraft:iron_ore":78,"minecraft:barrel":2,"minecraft:cobbled_deepslate":9,"minecraft:deepslate_lapis_ore":23,"scguns:phosphorite":1,"minecraft:orange_bed":1,"minecraft:piston_head":1,"minecraft:deepslate_redstone_ore":53,"minecraft:powder_snow":12,"minecraft:clay":1,"minecraft:torch":18,"minecraft:calcite":37,"minecraft:cobblestone":79,"minecraft:sugar_cane":89,"minecraft:grindstone":2,"minecraft:wall_torch":24,"scguns:niter":1,"minecraft:cauldron":2,"minecraft:pink_petals":1,"minecraft:seagrass":1,"minecraft:polished_diorite_stairs":12,"quark:cherry_bookshelf":1,"scguns:macerator":3,"minecraft:birch_log":68,"minecraft:wheat":1,"quark:glow_shroom":1,"minecraft:grass":13,"minecraft:acacia_fence":4,"minecraft:dirt":18,"toughasnails:thermoregulator":6,"minecraft:sand":41,"travelersbackpack:gold":2,"minecraft:stonecutter":3,"minecraft:netherrack":1,"minecraft:oak_leaves":7,"minecraft:deepslate":770,"scguns:sulfur_ore":6,"minecraft:tuff":119,"minecraft:mossy_cobblestone":2,"minecraft:deepslate_diamond_ore":47,"minecraft:cherry_sapling":7,"minecraft:lever":1,"minecraft:glow_lichen":2,"gravestone:gravestone":7,"minecraft:spruce_fence":1,"travelersbackpack:bookshelf":2,"travelersbackpack:white_sleeping_bag":1,"minecraft:moss_block":1,"minecraft:large_fern":1,"minecraft:hay_block":45,"minecraft:redstone_ore":2,"minecraft:furnace":10,"scguns:polar_generator":1,"minecraft:acacia_stairs":1,"minecraft:andesite":36,"minecraft:gold_block":1,"minecraft:bell":1,"minecraft:cobblestone_slab":20,"minecraft:deepslate_iron_ore":37,"scguns:deepslate_sulfur_ore":56,"minecraft:stone":1063,"minecraft:smithing_table":1,"minecraft:acacia_leaves":2,"minecraft:lily_of_the_valley":1,"toughasnails:water_purifier":5,"travelersbackpack:standard":5,"minecraft:crafting_table":4,"scguns:powered_mechanical_press":2,"minecraft:lightning_rod":5,"minecraft:copper_ore":62,"minecraft:lapis_ore":4,"minecraft:deepslate_gold_ore":46,"minecraft:diorite":168,"scguns:gun_bench":2,"minecraft:blue_bed":1,"minecraft:purple_bed":3,"minecraft:spruce_log":5,"scguns:lightning_rod_connector":4,"scguns:deepslate_anthralite_ore":72,"minecraft:coal_ore":170,"minecraft:cherry_leaves":4,"minecraft:gravel":13,"minecraft:cobweb":28,"scguns:lightning_battery":9,"scguns:anthralite_ore":9},"minecraft:killed":{"scguns:swarm":5,"minecraft:zombified_piglin":26,"minecraft:zombie_horse":42,"scguns:supply_scamp":1,"scguns:cog_knight":1,"minecraft:bee":1,"minecraft:chicken":5,"creeperoverhaul:cave_creeper":2,"hordes:husk_player":1,"mozombies_wave:disco_zombie":1,"scguns:sky_carrier":4,"minecraft:pig":1,"minecraft:zombie_villager":5,"mozombies_wave:zombie_miner":2,"minecraft:creeper":31,"hordes:drowned_player":1,"minecraft:sheep":13,"minecraft:zombie":1339,"minecraft:stray":9,"minecraft:cow":32,"hordes:zombie_player":5,"minecraft:endermite":1,"scguns:cog_minion":2,"minecraft:zoglin":9,"scguns:redcoat":3,"mozombies_wave:zombie_pa":3,"minecraft:drowned":50,"mozombies_wave:zombie_cyborg":1,"mozombies_wave:zombie_pirate":4,"minecraft:husk":79,"scguns:hive":2},"minecraft:crafted":{"minecraft:smooth_stone":27,"scguns:anthralite_nugget":9,"minecraft:cobblestone_slab":6,"toughasnails:empty_iron_canteen":1,"minecraft:lightning_rod":4,"minecraft:stone":36,"minecraft:lever":1,"quark:cherry_chest":11,"minecraft:cooked_mutton":13,"scguns:advanced_composter":2,"minecraft:glass":76,"minecraft:hopper":9,"scguns:gunpowder_dust":768,"minecraft:diamond_helmet":1,"minecraft:diamond_leggings":1,"minecraft:chest":1,"minecraft:copper_block":7,"scguns:gun_bench":1,"scguns:powered_mechanical_press":1,"scguns:gun_parts_mold":1,"scguns:small_casing_mold":1,"travelersbackpack:bookshelf":1,"travelersbackpack:iron_tier_upgrade":1,"scguns:gun_grip":1,"scguns:gun_magazine":1,"toughasnails:rain_collector":6,"scguns:polar_generator":1,"minecraft:crafting_table":10,"minecraft:spruce_planks":140,"minecraft:acacia_slab":12,"minecraft:wooden_pickaxe":2,"travelersbackpack:standard":1,"minecraft:smithing_table":1,"minecraft:clock":1,"minecraft:copper_ingot":147,"minecraft:sticky_piston":1,"minecraft:birch_planks":52,"scguns:anthralite_ingot":42,"scguns:treated_iron_ingot":4,"scguns:lightning_battery":4,"minecraft:iron_chestplate":1,"minecraft:book":14,"minecraft:paper":54,"minecraft:charcoal":18,"minecraft:diamond_pickaxe":2,"toughasnails:water_purifier":1,"scguns:copper_gun_frame":1,"minecraft:stone_slab":6,"scguns:mechanical_press":1,"minecraft:stick":80,"scguns:blank_mold":3,"minecraft:iron_ingot":151,"minecraft:iron_pickaxe":2,"minecraft:iron_block":9,"sereneseasons:calendar":1,"minecraft:gold_ingot":46,"minecraft:redstone_torch":1,"scguns:gun_barrel":1,"minecraft:polished_diorite_stairs":4,"minecraft:cherry_planks":92,"minecraft:raw_iron":9,"minecraft:smooth_stone_slab":12,"minecraft:iron_nugget":306,"minecraft:furnace":10,"minecraft:blast_furnace":3,"minecraft:piston":1,"toughasnails:empty_leather_canteen":1,"travelersbackpack:gold_tier_upgrade":1,"travelersbackpack:blank_upgrade":8,"quark:cherry_bookshelf":3,"minecraft:flint_and_steel":1,"quark:acacia_chest":10,"travelersbackpack:white_sleeping_bag":1,"minecraft:polished_diorite":8,"minecraft:iron_axe":2,"travelersbackpack:gold":1,"minecraft:stone_pickaxe":1,"minecraft:diamond_boots":1,"minecraft:redstone_block":1,"quark:spruce_chest":5,"travelersbackpack:diamond_tier_upgrade":1,"minecraft:wheat":405,"scguns:macerator":1,"minecraft:cooked_beef":38,"scguns:lightning_rod_connector":2,"minecraft:diamond_sword":2,"minecraft:enchanting_table":1,"travelersbackpack:backpack_tank":6,"toughasnails:empty_diamond_canteen":1,"gambling:stack_of_chips":8,"minecraft:iron_sword":12,"minecraft:acacia_trapdoor":2,"minecraft:bucket":2,"minecraft:bread":135,"minecraft:air":0,"gambling:casino_chip":72,"scguns:powered_macerator":1,"minecraft:wooden_axe":2,"gambling:slot_machine":1,"minecraft:iron_shovel":1,"scguns:rapid_firing_unit":1,"minecraft:anvil":1,"minecraft:acacia_planks":96,"minecraft:torch":64,"minecraft:diamond_chestplate":1},"minecraft:broken":{"minecraft:golden_helmet":3,"minecraft:iron_boots":1,"minecraft:iron_sword":13,"minecraft:golden_chestplate":1,"toughasnails:diamond_purified_water_canteen":2,"toughasnails:leather_water_canteen":7,"minecraft:iron_axe":2,"minecraft:iron_pickaxe":3,"toughasnails:iron_water_canteen":1},"minecraft:custom":{"minecraft:interact_with_crafting_table":129,"minecraft:open_barrel":73,"minecraft:bell_ring":2,"minecraft:leave_game":18,"minecraft:time_since_death":45169,"minecraft:sprint_one_cm":1385059,"minecraft:drop":186,"minecraft:talked_to_villager":3,"minecraft:play_time":884523,"minecraft:deaths":22,"minecraft:jump":4196,"minecraft:walk_on_water_one_cm":62226,"minecraft:enchant_item":11,"minecraft:interact_with_furnace":145,"minecraft:sleep_in_bed":29,"minecraft:waystone_activated":8,"minecraft:damage_dealt":227228,"minecraft:crouch_one_cm":269125,"minecraft:use_cauldron":1,"minecraft:interact_with_smithing_table":6,"minecraft:interact_with_anvil":1,"minecraft:mob_kills":1803,"minecraft:inspect_hopper":5,"minecraft:fill_cauldron":1,"minecraft:damage_dealt_resisted":1058,"minecraft:climb_one_cm":2171,"minecraft:walk_one_cm":1215280,"minecraft:sneak_time":121735,"minecraft:walk_under_water_one_cm":44716,"minecraft:total_world_time":884523,"minecraft:interact_with_stonecutter":7,"minecraft:interact_with_grindstone":5,"minecraft:time_since_rest":6560,"minecraft:damage_taken":12888,"minecraft:swim_one_cm":57957,"minecraft:fly_one_cm":658218,"minecraft:open_chest":504,"minecraft:fall_one_cm":90535},"minecraft:used":{"minecraft:cherry_sapling":12,"minecraft:iron_shovel":1,"minecraft:iron_sword":2884,"minecraft:stone":1,"minecraft:bell":1,"minecraft:rotten_flesh":97,"quark:cherry_chest":24,"minecraft:mutton":5,"scguns:advanced_composter":2,"minecraft:tuff":14,"minecraft:lava_bucket":6,"toughasnails:leather_water_canteen":63,"minecraft:furnace":15,"minecraft:acacia_fence":3,"minecraft:polished_diorite_stairs":13,"minecraft:diorite":19,"scguns:gun_bench":2,"minecraft:stone_pickaxe":51,"minecraft:wooden_pickaxe":13,"minecraft:sugar_cane":25,"minecraft:sand":4,"minecraft:lightning_rod":5,"minecraft:sticky_piston":3,"minecraft:redstone_torch":1,"waystones:waystone":6,"minecraft:lever":3,"minecraft:bread":128,"toughasnails:empty_diamond_canteen":3,"scguns:flintlock_pistol":9,"minecraft:gravel":9,"minecraft:diamond_sword":943,"minecraft:grindstone":2,"minecraft:smithing_table":2,"minecraft:birch_log":3,"toughasnails:iron_water_canteen":21,"toughasnails:thermoregulator":6,"minecraft:netherite_sword":77,"minecraft:enchanting_table":1,"toughasnails:water_purifier":6,"minecraft:spruce_planks":8,"scguns:powered_macerator":2,"minecraft:orange_bed":1,"minecraft:torch":154,"scguns:niter_dust":1,"minecraft:brewing_stand":1,"toughasnails:diamond_purified_water_canteen":55,"minecraft:dirt":78,"minecraft:anvil":1,"toughasnails:empty_iron_canteen":2,"minecraft:hopper":21,"quark:cherry_bookshelf":28,"minecraft:granite":17,"minecraft:spruce_fence":1,"minecraft:wooden_axe":32,"travelersbackpack:gold":10,"scguns:mechanical_press":5,"minecraft:iron_axe":332,"scguns:lightning_battery":11,"minecraft:barrel":2,"minecraft:cooked_beef":48,"minecraft:cobbled_deepslate":61,"toughasnails:empty_leather_canteen":8,"minecraft:cooked_mutton":13,"minecraft:water_bucket":18,"scguns:polar_generator":2,"gambling:slot_machine":1,"scguns:musket":2,"minecraft:birch_planks":5,"minecraft:cauldron":2,"minecraft:stonecutter":3,"minecraft:cobblestone_slab":25,"minecraft:mossy_cobblestone":1,"quark:acacia_chest":2,"toughasnails:diamond_water_canteen":55,"toughasnails:rain_collector":6,"minecraft:crafting_table":14,"scguns:macerator":3,"travelersbackpack:wolf":1,"minecraft:diamond_pickaxe":2356,"scguns:lightning_rod_connector":4,"travelersbackpack:creeper":3,"travelersbackpack:bookshelf":5,"scguns:powered_mechanical_press":3,"minecraft:iron_pickaxe":749,"travelersbackpack:white_sleeping_bag":1,"minecraft:purple_bed":4,"minecraft:cobblestone":454,"travelersbackpack:standard":9,"minecraft:porkchop":1,"minecraft:bucket":27,"scguns:rusty_gnat":356}},"DataVersion":3465}