{"stats":{"minecraft:picked_up":{"minecraft:wooden_axe":1,"iceandfire:dragon_skull_lightning":4,"minecraft:crafting_table":9,"minecraft:allium":42,"minecraft:chicken":3,"minecraft:brown_mushroom":1,"tconstruct:materials_and_you":1,"minecraft:wooden_pickaxe":1,"minecraft:brown_bed":1,"minecraft:wither_rose":2,"biomesoplenty:jacaranda_sapling":1,"minecraft:chain":2,"minecraft:string":53,"minecraft:raw_copper":78,"iceandfire:graveyard_soil":15,"minecraft:cracked_stone_bricks":2,"minecraft:cobbled_deepslate":221,"minecraft:spruce_planks":3,"minecraft:beef":21,"minecraft:rose_bush":2,"minecraft:calcite":2,"minecraft:iron_nugget":1,"tconstruct:dagger":1,"biomesoplenty:wildflower":2,"minecraft:coal_block":1,"minecraft:stick":28,"minecraft:raw_iron":50,"iceandfire:dragonbone":11,"iceandfire:ghost_chest":1,"minecraft:oak_door":1,"minecraft:acacia_fence":2,"minecraft:composter":1,"minecraft:torch":11,"minecraft:fire_charge":1,"minecraft:porkchop":5,"farmersdelight:tomato_seeds":2,"minecraft:carrot":10,"minecraft:redstone":58,"minecraft:golden_chestplate":1,"minecraft:rotten_flesh":1,"minecraft:tnt":3,"tconstruct:sky_slime_crystal":4,"biomesoplenty:jacaranda_log":6,"farmersdelight:onion":7,"crittersandcompanions:silk":8,"alexscaves:spelunkery_table":1,"tconstruct:pickadze":1,"minecraft:white_terracotta":1,"minecraft:obsidian":5,"minecraft:iron_bars":2,"minecraft:skeleton_skull":2,"minecraft:cobblestone":1582,"minecraft:stripped_oak_log":2,"minecraft:feather":10,"minecraft:cooked_beef":1,"minecraft:black_bed":2,"minecraft:leather":1,"minecraft:red_mushroom":3,"minecraft:filled_map":1,"minecraft:flint":8,"minecraft:tuff":11,"minecraft:oak_log":57,"iceandfire:ectoplasm":2,"minecraft:yellow_bed":1,"minecraft:cobblestone_wall":1,"minecraft:cobblestone_stairs":1,"minecraft:lapis_lazuli":24,"minecraft:dirt":1146,"tconstruct:sky_slime_crystal_block":13,"minecraft:lantern":4,"minecraft:bone":1,"minecraft:apple":7,"minecraft:stone_bricks":1,"minecraft:wheat_seeds":20,"minecraft:raw_gold":21,"minecraft:iron_ingot":15,"minecraft:stone_pickaxe":1,"minecraft:gray_bed":1,"minecraft:oak_planks":9,"minecraft:book":6,"minecraft:gravel":27,"minecraft:stripped_spruce_log":3,"minecraft:blast_furnace":1,"minecraft:white_bed":1,"minecraft:spider_eye":2,"alexsmobs:animal_dictionary":1,"minecraft:mossy_cobblestone":5,"minecraft:diamond":20,"minecraft:granite":7,"minecraft:bread":64,"minecraft:oak_button":6,"alexscaves:cave_map":1,"minecraft:oak_sapling":47,"minecraft:coal":179,"iceandfire:raw_silver":25},"minecraft:used":{"iceandfire:lectern":1,"minecraft:iron_shovel":150,"minecraft:stone_sword":81,"minecraft:oak_sign":9,"minecraft:chest":4,"minecraft:spruce_planks":4,"minecraft:iron_sword":79,"simpletomb:grave_key":5,"minecraft:torch":23,"minecraft:dirt":507,"minecraft:hopper":3,"minecraft:cobblestone_wall":1,"minecraft:deepslate_brick_slab":7,"minecraft:tuff":9,"minecraft:wooden_axe":41,"minecraft:lava_bucket":1,"minecraft:bookshelf":1,"minecraft:lantern":2,"minecraft:barrel":4,"biomesoplenty:jacaranda_sapling":1,"alexscaves:spelunkery_table":1,"minecraft:furnace":1,"minecraft:acacia_fence":2,"minecraft:cooked_beef":9,"minecraft:cobbled_deepslate":99,"minecraft:brown_bed":1,"minecraft:cooked_mutton":4,"minecraft:water_bucket":4,"minecraft:cobblestone_stairs":6,"minecraft:stone_pickaxe":671,"minecraft:oak_planks":9,"minecraft:wooden_pickaxe":36,"minecraft:fletching_table":1,"iceandfire:dragon_skull_lightning":1,"minecraft:deepslate_bricks":24,"minecraft:mossy_cobblestone":3,"farmersdelight:onion":10,"minecraft:oak_slab":9,"minecraft:crafting_table":14,"minecraft:blast_furnace":1,"minecraft:white_bed":1,"minecraft:black_bed":2,"biomesoplenty:jacaranda_planks":20,"minecraft:apple":1,"minecraft:diamond_shovel":1585,"minecraft:bread":65,"minecraft:oak_button":39,"minecraft:iron_pickaxe":1476,"minecraft:gravel":25,"minecraft:stone_axe":56,"minecraft:cobblestone":231,"minecraft:smithing_table":1,"minecraft:bucket":13,"minecraft:stripped_oak_log":1,"minecraft:oak_boat":1},"minecraft:killed":{"minecraft:cave_spider":8,"minecraft:spider":3,"minecraft:chicken":3,"minecraft:silverfish":1,"minecraft:drowned":1,"minecraft:pig":2,"minecraft:iron_golem":4,"minecraft:zombie":4,"iceandfire:ghost":6,"alexsmobs:terrapin":3,"minecraft:cow":4},"minecraft:custom":{"minecraft:mob_kills":39,"minecraft:interact_with_crafting_table":54,"minecraft:open_barrel":21,"minecraft:leave_game":4,"minecraft:time_since_death":53899,"minecraft:sprint_one_cm":448925,"minecraft:walk_one_cm":689819,"minecraft:drop":44,"minecraft:talked_to_villager":7,"minecraft:play_time":318954,"minecraft:sneak_time":6075,"minecraft:deaths":6,"minecraft:walk_under_water_one_cm":24078,"minecraft:boat_one_cm":742,"minecraft:jump":3479,"minecraft:walk_on_water_one_cm":30054,"minecraft:total_world_time":318954,"minecraft:interact_with_furnace":8,"minecraft:interact_with_loom":10,"minecraft:sleep_in_bed":13,"minecraft:time_since_rest":22980,"minecraft:damage_taken":6016,"minecraft:trigger_trapped_chest":2,"minecraft:damage_dealt":8680,"minecraft:swim_one_cm":65001,"minecraft:fly_one_cm":629571,"minecraft:open_chest":122,"minecraft:crouch_one_cm":14834,"minecraft:fall_one_cm":84046},"minecraft:mined":{"alexscaves:spelunkery_table":1,"minecraft:tuff":11,"minecraft:spruce_planks":3,"minecraft:white_bed":1,"iceandfire:silver_ore":25,"iceandfire:graveyard_soil":15,"minecraft:mossy_cobblestone":6,"minecraft:deepslate_diamond_ore":24,"minecraft:oak_door":1,"minecraft:cobblestone_stairs":1,"farmersdelight:wild_carrots":13,"tconstruct:sky_slime_crystal_block":13,"biomesoplenty:desert_grass":16,"minecraft:granite":8,"minecraft:chiseled_bookshelf":1,"biomesoplenty:bush":1,"minecraft:grass_block":588,"minecraft:infested_cobblestone":2,"minecraft:coal_block":1,"minecraft:composter":1,"minecraft:red_mushroom":3,"tconstruct:sky_slime_crystal_cluster":1,"minecraft:spawner":5,"farmersdelight:wild_onions":8,"minecraft:tall_seagrass":1,"minecraft:iron_ore":44,"minecraft:fire":23,"minecraft:cobbled_deepslate":4,"minecraft:stripped_spruce_log":3,"treechop:chopped_log":6,"minecraft:brown_bed":1,"minecraft:bookshelf":2,"minecraft:dirt_path":77,"minecraft:deepslate_iron_ore":6,"minecraft:vine":3,"minecraft:iron_bars":1,"minecraft:lantern":4,"crittersandcompanions:silk_cocoon":2,"minecraft:stripped_oak_log":2,"minecraft:stone":1563,"minecraft:deepslate_redstone_ore":12,"biomesoplenty:wildflower":2,"minecraft:crafting_table":7,"minecraft:torch":4,"minecraft:blast_furnace":1,"minecraft:calcite":2,"iceandfire:ghost_chest":1,"minecraft:rose_bush":1,"minecraft:copper_ore":12,"minecraft:tall_grass":6,"minecraft:cobblestone":34,"farmersdelight:wild_tomatoes":2,"minecraft:deepslate_gold_ore":21,"minecraft:lapis_ore":3,"minecraft:oak_planks":4,"minecraft:wall_torch":3,"minecraft:deepslate_copper_ore":3,"minecraft:skeleton_skull":2,"minecraft:seagrass":3,"minecraft:white_terracotta":1,"minecraft:chain":2,"minecraft:cobblestone_wall":1,"minecraft:gray_bed":1,"minecraft:black_bed":2,"minecraft:tnt":3,"minecraft:yellow_bed":1,"minecraft:wither_rose":3,"minecraft:grass":81,"minecraft:oak_log":6,"minecraft:coal_ore":156,"minecraft:acacia_fence":3,"minecraft:gravel":29,"minecraft:dirt":484,"minecraft:cobweb":50,"minecraft:cracked_stone_bricks":1,"minecraft:oak_button":2,"minecraft:stone_bricks":1,"minecraft:oak_leaves":15,"minecraft:deepslate":216},"minecraft:killed_by":{"minecraft:skeleton":1},"minecraft:dropped":{"minecraft:enchanted_book":2,"minecraft:oak_slab":1,"minecraft:wheat_seeds":1,"minecraft:crafting_table":1,"minecraft:cobblestone":309,"minecraft:apple":3,"minecraft:granite":7,"minecraft:cracked_stone_bricks":2,"minecraft:stick":3,"minecraft:lava_bucket":1,"minecraft:wooden_axe":1,"alexscaves:cave_map":2,"minecraft:paper":1,"minecraft:gravel":4,"minecraft:stone_axe":1,"minecraft:golden_chestplate":1,"minecraft:cobbled_deepslate":122,"alexscaves:cave_tablet":1,"minecraft:tuff":2,"minecraft:oak_planks":1,"minecraft:filled_map":1,"minecraft:allium":14,"minecraft:stone_bricks":1,"minecraft:iron_bars":3,"minecraft:arrow":6,"minecraft:stone_pickaxe":3,"minecraft:wooden_pickaxe":3},"minecraft:broken":{"minecraft:stone_sword":1,"minecraft:stone_pickaxe":4,"minecraft:diamond_shovel":1,"minecraft:iron_pickaxe":5},"minecraft:crafted":{"minecraft:oak_planks":224,"minecraft:oak_sign":9,"minecraft:barrel":4,"iceandfire:dragon_stick":1,"minecraft:furnace":1,"iceandfire:lectern":1,"minecraft:cobblestone_stairs":12,"minecraft:diamond_shovel":1,"alexscaves:cave_map":1,"minecraft:cooked_mutton":12,"minecraft:hopper":4,"minecraft:iron_boots":1,"minecraft:raw_copper":36,"minecraft:polished_deepslate":104,"minecraft:stone_pickaxe":7,"minecraft:chest":9,"minecraft:oak_button":38,"minecraft:cooked_beef":8,"minecraft:oak_slab":18,"biomesoplenty:jacaranda_planks":24,"minecraft:crafting_table":8,"minecraft:spruce_planks":12,"minecraft:iron_helmet":1,"minecraft:wooden_pickaxe":3,"minecraft:deepslate_brick_slab":12,"minecraft:smithing_table":1,"minecraft:fletching_table":1,"minecraft:bucket":3,"minecraft:stone_axe":2,"minecraft:air":0,"minecraft:oak_boat":1,"iceandfire:bestiary":1,"minecraft:iron_chestplate":1,"minecraft:raw_gold":18,"minecraft:stick":32,"minecraft:iron_pickaxe":2,"minecraft:wooden_axe":1,"minecraft:stone_sword":1,"minecraft:iron_shovel":1,"minecraft:iron_leggings":1,"minecraft:torch":36,"minecraft:deepslate_bricks":104}},"DataVersion":3465}