{"stats":{"minecraft:killed_by":{"scguns:sky_carrier":1,"hordes:zombie_player":2,"minecraft:zombie":5},"minecraft:crafted":{"minecraft:cherry_planks":24,"toughasnails:empty_iron_canteen":1,"minecraft:furnace":5,"travelersbackpack:blank_upgrade":4,"quark:cherry_chest":11,"toughasnails:empty_leather_canteen":1,"travelersbackpack:gold_tier_upgrade":1,"minecraft:cooked_mutton":5,"minecraft:glass":28,"travelersbackpack:white_sleeping_bag":1,"minecraft:iron_axe":1,"minecraft:stone_pickaxe":1,"minecraft:chest":1,"quark:spruce_chest":2,"minecraft:cooked_beef":24,"travelersbackpack:iron_tier_upgrade":1,"minecraft:crafting_table":9,"minecraft:spruce_planks":72,"travelersbackpack:backpack_tank":4,"travelersbackpack:standard":1,"minecraft:wooden_pickaxe":2,"minecraft:iron_sword":1,"minecraft:smithing_table":1,"minecraft:bucket":2,"minecraft:birch_planks":24,"minecraft:air":0,"minecraft:diamond_pickaxe":1,"toughasnails:water_purifier":1,"minecraft:stick":40,"minecraft:iron_ingot":38,"minecraft:iron_pickaxe":2,"minecraft:wooden_axe":2,"minecraft:gold_ingot":7},"minecraft:mined":{"minecraft:spruce_planks":1,"minecraft:deepslate_diamond_ore":3,"minecraft:cherry_log":22,"minecraft:granite":11,"gravestone:gravestone":1,"minecraft:grass_block":10,"minecraft:spruce_fence":1,"travelersbackpack:white_sleeping_bag":1,"minecraft:moss_block":1,"minecraft:spawner":4,"minecraft:large_fern":1,"minecraft:redstone_ore":2,"minecraft:furnace":4,"minecraft:iron_ore":26,"minecraft:cobbled_deepslate":2,"minecraft:deepslate_lapis_ore":4,"minecraft:deepslate_iron_ore":12,"scguns:phosphorite":1,"scguns:deepslate_sulfur_ore":29,"minecraft:stone":226,"minecraft:deepslate_redstone_ore":6,"toughasnails:water_purifier":2,"minecraft:powder_snow":12,"travelersbackpack:standard":3,"minecraft:clay":1,"minecraft:crafting_table":3,"minecraft:calcite":37,"minecraft:copper_ore":7,"minecraft:cobblestone":17,"minecraft:deepslate_gold_ore":7,"minecraft:diorite":87,"scguns:gun_bench":1,"minecraft:blue_bed":1,"minecraft:wall_torch":3,"minecraft:pink_petals":1,"minecraft:birch_log":6,"minecraft:spruce_log":5,"minecraft:grass":2,"scguns:deepslate_anthralite_ore":39,"minecraft:coal_ore":64,"minecraft:cherry_leaves":2,"minecraft:gravel":2,"minecraft:sand":41,"minecraft:dirt":10,"toughasnails:thermoregulator":2,"minecraft:cobweb":28,"travelersbackpack:gold":2,"scguns:anthralite_ore":3,"minecraft:oak_leaves":4,"minecraft:deepslate":22,"scguns:sulfur_ore":2},"minecraft:broken":{"toughasnails:leather_water_canteen":7,"minecraft:iron_sword":1,"minecraft:iron_pickaxe":2,"toughasnails:iron_water_canteen":1},"minecraft:killed":{"hordes:zombie_player":5,"mozombies_wave:zombie_pa":1,"minecraft:drowned":1,"mozombies_wave:zombie_cyborg":1,"scguns:sky_carrier":1,"minecraft:zombie_villager":1,"minecraft:sheep":3,"minecraft:zombie":102,"minecraft:cow":19},"minecraft:dropped":{"minecraft:golden_boots":2,"minecraft:iron_ingot":17,"minecraft:iron_sword":1,"minecraft:moss_block":1,"minecraft:birch_planks":1,"minecraft:cooked_beef":30,"minecraft:diamond":2,"minecraft:cobblestone":34,"minecraft:leather":24,"minecraft:chest_minecart":1,"minecraft:granite":19,"minecraft:tropical_fish":12,"travelersbackpack:standard":1,"minecraft:rail":18,"scguns:phosphorite":1,"minecraft:stick":5,"minecraft:wooden_axe":2,"minecraft:iron_leggings":1,"gravestone:obituary":2,"minecraft:sand":1,"minecraft:gold_ingot":1,"minecraft:moss_carpet":1,"minecraft:iron_nugget":37,"minecraft:cobbled_deepslate":11,"minecraft:netherite_sword":1,"minecraft:rotten_flesh":245,"minecraft:clay_ball":4,"minecraft:carrot":1,"scguns:gun_bench":1,"minecraft:potato":21,"minecraft:stone":1,"minecraft:gunpowder":12,"minecraft:beetroot_seeds":4,"minecraft:golden_leggings":1,"minecraft:spruce_log":151,"minecraft:wooden_pickaxe":6,"minecraft:stone_pickaxe":1},"minecraft:used":{"toughasnails:thermoregulator":2,"minecraft:netherite_sword":77,"toughasnails:water_purifier":3,"minecraft:spruce_planks":2,"minecraft:stone":1,"minecraft:iron_sword":198,"minecraft:rotten_flesh":5,"minecraft:torch":22,"quark:cherry_chest":11,"minecraft:dirt":17,"minecraft:mutton":1,"toughasnails:empty_iron_canteen":2,"minecraft:spruce_fence":1,"minecraft:wooden_axe":32,"travelersbackpack:gold":7,"minecraft:iron_axe":99,"toughasnails:leather_water_canteen":62,"minecraft:furnace":9,"minecraft:cooked_beef":31,"minecraft:cobbled_deepslate":6,"toughasnails:empty_leather_canteen":8,"minecraft:cooked_mutton":5,"minecraft:water_bucket":2,"minecraft:diorite":5,"minecraft:birch_planks":1,"minecraft:stone_pickaxe":51,"minecraft:wooden_pickaxe":13,"minecraft:crafting_table":12,"minecraft:diamond_pickaxe":1,"minecraft:bread":10,"minecraft:iron_pickaxe":558,"travelersbackpack:white_sleeping_bag":1,"minecraft:gravel":1,"minecraft:diamond_sword":6,"travelersbackpack:standard":7,"minecraft:cobblestone":66,"minecraft:smithing_table":1,"minecraft:bucket":4,"toughasnails:iron_water_canteen":18},"minecraft:custom":{"minecraft:interact_with_smithing_table":3,"minecraft:mob_kills":134,"minecraft:interact_with_crafting_table":39,"minecraft:open_barrel":3,"minecraft:damage_dealt_resisted":82,"minecraft:leave_game":8,"minecraft:time_since_death":81063,"minecraft:climb_one_cm":341,"minecraft:sprint_one_cm":378740,"minecraft:walk_one_cm":294881,"minecraft:drop":61,"minecraft:talked_to_villager":2,"minecraft:play_time":169523,"minecraft:deaths":11,"minecraft:sneak_time":16716,"minecraft:walk_under_water_one_cm":17139,"minecraft:jump":1448,"minecraft:walk_on_water_one_cm":31376,"minecraft:total_world_time":169523,"minecraft:interact_with_furnace":38,"minecraft:sleep_in_bed":7,"minecraft:time_since_rest":9,"minecraft:waystone_activated":2,"minecraft:damage_taken":4443,"minecraft:damage_dealt":20639,"minecraft:swim_one_cm":22982,"minecraft:fly_one_cm":229382,"minecraft:open_chest":61,"minecraft:crouch_one_cm":51593,"minecraft:fall_one_cm":32969},"minecraft:picked_up":{"minecraft:wooden_axe":2,"minecraft:crafting_table":3,"minecraft:clay_ball":4,"minecraft:chest_minecart":2,"minecraft:wooden_pickaxe":6,"gravestone:obituary":1,"scguns:raw_anthralite":48,"minecraft:string":39,"minecraft:moss_carpet":1,"minecraft:raw_copper":50,"minecraft:iron_axe":1,"minecraft:iron_leggings":7,"minecraft:cobbled_deepslate":24,"minecraft:spruce_planks":26,"toughasnails:thermoregulator":2,"minecraft:beef":63,"minecraft:calcite":37,"scguns:ancient_brass":1,"minecraft:iron_nugget":64,"minecraft:iron_pickaxe":4,"minecraft:enchanted_golden_apple":2,"minecraft:phantom_membrane":9,"minecraft:iron_boots":4,"minecraft:furnace":6,"minecraft:stick":33,"minecraft:raw_iron":72,"minecraft:copper_ingot":35,"minecraft:torch":5,"minecraft:spruce_fence":1,"minecraft:cherry_log":22,"minecraft:diorite":87,"minecraft:carrot":3,"minecraft:redstone":45,"minecraft:golden_chestplate":1,"minecraft:rotten_flesh":403,"minecraft:tropical_fish":13,"minecraft:beetroot_seeds":8,"minecraft:gold_ingot":4,"minecraft:glow_berries":6,"minecraft:mutton":11,"minecraft:rail":35,"minecraft:white_wool":9,"minecraft:cobblestone":335,"minecraft:birch_log":6,"minecraft:pink_petals":3,"minecraft:cooked_beef":75,"minecraft:leather":92,"minecraft:golden_leggings":2,"minecraft:potato":51,"minecraft:birch_planks":7,"scguns:phosphorite":3,"scguns:compact_advanced_round":5,"minecraft:golden_boots":3,"minecraft:gunpowder":63,"minecraft:lapis_lazuli":29,"minecraft:dirt":33,"minecraft:blue_bed":1,"minecraft:cooked_mutton":6,"scguns:powder_and_ball":70,"minecraft:glass":14,"minecraft:bone":43,"minecraft:raw_gold":8,"minecraft:iron_ingot":39,"minecraft:stone_pickaxe":4,"scguns:sulfur_chunk":89,"minecraft:moss_block":1,"travelersbackpack:gold":5,"minecraft:iron_sword":3,"scguns:advanced_round":1,"toughasnails:thermometer":1,"minecraft:gravel":2,"minecraft:sand":42,"toughasnails:empty_leather_canteen":2,"minecraft:spruce_log":41,"minecraft:spider_eye":3,"travelersbackpack:white_sleeping_bag":1,"travelersbackpack:standard":5,"toughasnails:water_purifier":2,"minecraft:slime_ball":7,"minecraft:diamond":11,"scguns:gun_bench":5,"minecraft:granite":30,"minecraft:cherry_sapling":7,"minecraft:emerald":9,"minecraft:bread":10,"minecraft:oak_sapling":21,"minecraft:coal":151,"minecraft:ender_pearl":7}},"DataVersion":3465}