{"stats":{"minecraft:killed":{"minecraft:cave_spider":8,"iceandfire:gorgon":1,"minecraft:spider":4,"tconstruct:sky_slime":15,"minecraft:chicken":3,"minecraft:silverfish":2,"minecraft:pig":2,"minecraft:iron_golem":4,"iceandfire:cockatrice":2,"minecraft:sheep":5,"minecraft:pillager":1,"minecraft:zombie":10,"iceandfire:lightning_dragon":1,"minecraft:cow":4,"iceandfire:fire_dragon":1,"minecraft:drowned":1,"iceandfire:cyclops":1,"iceandfire:ghost":8},"minecraft:crafted":{"minecraft:oak_planks":464,"minecraft:barrel":4,"minecraft:oak_sign":9,"iceandfire:ghost_sword":1,"iceandfire:lectern":1,"minecraft:cobblestone_stairs":12,"minecraft:diamond_shovel":1,"minecraft:cooked_mutton":12,"minecraft:hopper":4,"minecraft:diamond_helmet":1,"minecraft:bow":1,"minecraft:diamond_leggings":1,"minecraft:iron_boots":12,"minecraft:raw_copper":36,"minecraft:chest":15,"minecraft:oak_button":38,"minecraft:oak_slab":18,"minecraft:arrow":192,"minecraft:emerald":194,"biomesoplenty:jacaranda_planks":24,"minecraft:diamond_axe":1,"minecraft:crafting_table":8,"iceandfire:blindfold":1,"minecraft:spruce_planks":12,"minecraft:wooden_pickaxe":3,"minecraft:iron_helmet":2,"minecraft:smithing_table":1,"minecraft:copper_ingot":55,"minecraft:fletching_table":1,"minecraft:birch_planks":8,"betterarcheology:diamond_brush":1,"minecraft:iron_chestplate":2,"minecraft:diamond_pickaxe":1,"minecraft:stick":432,"minecraft:iron_pickaxe":2,"minecraft:stone_sword":1,"minecraft:gold_ingot":84,"minecraft:deepslate_bricks":104,"iceandfire:dragon_stick":1,"minecraft:furnace":1,"alexscaves:cave_map":1,"minecraft:polished_deepslate":104,"minecraft:stone_pickaxe":7,"minecraft:diamond_boots":1,"minecraft:cooked_beef":16,"iceandfire:dragonbone_sword":1,"minecraft:deepslate_brick_slab":12,"minecraft:cooked_salmon":32,"minecraft:bucket":3,"minecraft:stone_axe":12,"minecraft:bread":9,"minecraft:air":0,"minecraft:oak_boat":1,"iceandfire:bestiary":1,"minecraft:raw_gold":18,"minecraft:wooden_axe":1,"minecraft:iron_shovel":2,"minecraft:iron_leggings":2,"minecraft:torch":36,"minecraft:diamond_chestplate":1},"minecraft:mined":{"farmersdelight:rich_soil":3,"minecraft:spruce_planks":3,"minecraft:white_bed":3,"iceandfire:graveyard_soil":15,"iceandfire:copper_pile":2,"minecraft:cobblestone_stairs":2,"tconstruct:sky_slime_crystal_block":13,"farmersdelight:tomato_crate":4,"minecraft:brewing_stand":3,"minecraft:granite":8,"minecraft:grass_block":589,"minecraft:infested_cobblestone":2,"iceandfire:lectern":1,"minecraft:coal_block":1,"minecraft:composter":1,"minecraft:spawner":5,"minecraft:smooth_stone":2,"minecraft:tall_seagrass":5,"minecraft:sticky_piston":8,"minecraft:cobbled_deepslate":4,"minecraft:iron_ore":44,"minecraft:fire":23,"minecraft:barrel":7,"biomesoplenty:lavender":1,"minecraft:brown_bed":1,"iceandfire:gold_pile":58,"minecraft:dirt_path":77,"minecraft:oak_stairs":1,"minecraft:iron_bars":3,"iceandfire:chared_cobblestone":13,"minecraft:piston_head":2,"minecraft:deepslate_redstone_ore":12,"minecraft:brown_mushroom":1,"farmersdelight:organic_compost":5,"biomesoplenty:wildflower":2,"minecraft:torch":4,"minecraft:blast_furnace":2,"minecraft:calcite":2,"iceandfire:ghost_chest":5,"minecraft:cobblestone":49,"minecraft:grindstone":1,"minecraft:oak_planks":11,"minecraft:sugar_cane":3,"minecraft:wall_torch":3,"minecraft:deepslate_copper_ore":3,"minecraft:skeleton_skull":6,"minecraft:seagrass":14,"minecraft:white_terracotta":1,"minecraft:chain":2,"minecraft:repeater":1,"tconstruct:earth_slime_dirt":5,"minecraft:tnt":3,"minecraft:black_bed":2,"minecraft:stone_brick_stairs":3,"minecraft:wither_rose":4,"minecraft:yellow_stained_glass_pane":2,"minecraft:grass":87,"minecraft:oak_log":22,"minecraft:acacia_fence":3,"minecraft:sand":185,"minecraft:dirt":484,"minecraft:oak_leaves":37,"minecraft:deepslate":216,"alexscaves:spelunkery_table":1,"minecraft:tuff":11,"iceandfire:silver_ore":25,"minecraft:mossy_cobblestone":7,"minecraft:deepslate_diamond_ore":24,"minecraft:oak_door":1,"farmersdelight:wild_carrots":13,"biomesoplenty:desert_grass":16,"minecraft:chiseled_bookshelf":1,"biomesoplenty:bush":2,"minecraft:redstone_wire":1,"minecraft:red_mushroom":4,"minecraft:sandstone":20,"tconstruct:sky_slime_crystal_cluster":1,"farmersdelight:wild_onions":9,"tconstruct:sky_earth_slime_grass":1,"minecraft:stripped_spruce_log":3,"treechop:chopped_log":13,"minecraft:gold_block":1,"minecraft:bell":1,"minecraft:bookshelf":24,"minecraft:deepslate_iron_ore":6,"minecraft:vine":7,"minecraft:lantern":4,"crittersandcompanions:silk_cocoon":2,"minecraft:stripped_oak_log":2,"minecraft:stone":1563,"minecraft:bone_block":39,"farmersdelight:cooking_pot":1,"minecraft:smithing_table":1,"minecraft:stone_brick_slab":3,"minecraft:crafting_table":8,"minecraft:sponge":1,"minecraft:rose_bush":1,"farmersdelight:onion_crate":1,"minecraft:tall_grass":6,"minecraft:copper_ore":12,"minecraft:lapis_ore":3,"minecraft:deepslate_gold_ore":21,"farmersdelight:wild_tomatoes":2,"tconstruct:sky_slime_leaves":2,"minecraft:birch_planks":2,"minecraft:coarse_dirt":2,"minecraft:cobblestone_wall":1,"betterarcheology:loot_vase_creeper":3,"minecraft:gray_bed":1,"iceandfire:ash":37,"minecraft:yellow_bed":2,"minecraft:coal_ore":156,"iceandfire:silver_pile":3,"minecraft:ochre_froglight":26,"minecraft:gravel":29,"minecraft:flower_pot":1,"farmersdelight:stove":1,"minecraft:cobweb":51,"minecraft:cracked_stone_bricks":7,"minecraft:oak_button":2,"minecraft:stone_bricks":33,"minecraft:mossy_stone_bricks":5,"tconstruct:sky_congealed_slime":16},"minecraft:killed_by":{"iceandfire:gorgon":5,"minecraft:skeleton":1},"minecraft:broken":{"minecraft:iron_boots":1,"minecraft:iron_chestplate":1,"minecraft:iron_leggings":1,"minecraft:stone_pickaxe":4,"minecraft:diamond_shovel":1,"minecraft:stone_sword":1,"minecraft:iron_pickaxe":5,"minecraft:iron_helmet":1},"minecraft:custom":{"minecraft:interact_with_crafting_table":63,"minecraft:open_barrel":54,"minecraft:leave_game":5,"minecraft:time_since_death":55118,"minecraft:sprint_one_cm":758405,"minecraft:drop":161,"minecraft:talked_to_villager":35,"minecraft:play_time":493099,"minecraft:deaths":16,"minecraft:jump":6478,"minecraft:walk_on_water_one_cm":55484,"minecraft:interact_with_furnace":21,"minecraft:traded_with_villager":233,"minecraft:interact_with_loom":13,"minecraft:sleep_in_bed":24,"minecraft:damage_dealt":13058,"minecraft:crouch_one_cm":24240,"waystones:waystone_activated":5,"minecraft:mob_kills":77,"minecraft:inspect_hopper":1,"minecraft:climb_one_cm":2368,"minecraft:walk_one_cm":994912,"minecraft:sneak_time":9740,"minecraft:walk_under_water_one_cm":72927,"minecraft:boat_one_cm":742,"minecraft:total_world_time":493099,"minecraft:time_since_rest":12499,"minecraft:damage_taken":2147483647,"minecraft:trigger_trapped_chest":2,"minecraft:swim_one_cm":118714,"minecraft:fly_one_cm":1400068,"minecraft:open_chest":324,"minecraft:fall_one_cm":165525},"minecraft:picked_up":{"minecraft:wooden_axe":1,"minecraft:wheat":19,"minecraft:suspicious_stew":1,"minecraft:flower_pot":1,"minecraft:smithing_table":1,"minecraft:brown_bed":1,"minecraft:wither_rose":3,"minecraft:stone_brick_stairs":3,"minecraft:brewing_stand":3,"iceandfire:manuscript":6,"minecraft:string":55,"tconstruct:earth_slime_dirt":12,"minecraft:raw_copper":78,"minecraft:sticky_piston":10,"minecraft:beetroot":6,"minecraft:cobbled_deepslate":221,"minecraft:gold_nugget":588,"minecraft:smooth_stone":1,"minecraft:spruce_planks":3,"minecraft:rose_bush":2,"minecraft:calcite":29,"minecraft:coal_block":1,"minecraft:iron_boots":9,"minecraft:stick":48,"iceandfire:ghost_chest":5,"minecraft:acacia_fence":2,"minecraft:composter":1,"minecraft:torch":14,"minecraft:porkchop":11,"iceandfire:lightning_dragon_flesh":5,"minecraft:dried_kelp":11,"minecraft:golden_chestplate":1,"farmersdelight:tomato_crate":4,"tconstruct:sky_slime_crystal":4,"minecraft:rotten_flesh":49,"farmersdelight:onion":13,"iceandfire:fire_dragon_heart":1,"farmersdelight:rope":16,"tconstruct:pickadze":1,"minecraft:white_terracotta":1,"biomesoplenty:lavender":6,"minecraft:obsidian":5,"minecraft:iron_bars":4,"minecraft:cod":4,"minecraft:cobblestone":1604,"minecraft:sponge":1,"minecraft:birch_log":2,"farmersdelight:onion_crate":1,"minecraft:repeater":1,"minecraft:feather":16,"minecraft:cooked_beef":1,"farmersdelight:rice":8,"minecraft:black_bed":2,"minecraft:potato":4,"minecraft:flint":8,"minecraft:tuff":11,"farmersdelight:tomato":5,"minecraft:dirt":1147,"minecraft:lapis_lazuli":31,"minecraft:lantern":4,"minecraft:brown_candle":1,"minecraft:bone":19,"minecraft:wheat_seeds":25,"minecraft:raw_gold":21,"minecraft:bell":1,"minecraft:light_blue_dye":1,"minecraft:grindstone":1,"minecraft:mossy_stone_bricks":3,"tconstruct:sky_slime_sapling":1,"minecraft:oak_planks":18,"betterarcheology:artifact_shards":1,"iceandfire:dragon_skull_fire":1,"minecraft:sand":191,"minecraft:stripped_spruce_log":3,"iceandfire:lightning_dragon_heart":1,"minecraft:barrel":7,"minecraft:mossy_cobblestone":6,"iceandfire:chared_cobblestone":13,"minecraft:sugar":2,"minecraft:diamond":21,"iceandfire:lectern":1,"waystones:waystone":5,"minecraft:crossbow":1,"minecraft:granite":7,"minecraft:golden_apple":1,"minecraft:bread":72,"iceandfire:gorgon_head":1,"minecraft:oak_sapling":79,"iceandfire:silver_nugget":10,"iceandfire:raw_silver":25,"iceandfire:dragon_skull_lightning":7,"minecraft:charcoal":5,"minecraft:cocoa_beans":25,"minecraft:coarse_dirt":2,"minecraft:crafting_table":10,"minecraft:allium":42,"iceandfire:witherbone":4,"minecraft:chicken":5,"minecraft:ladder":1,"tconstruct:skyroot_log":4,"minecraft:leather_leggings":1,"minecraft:brown_mushroom":2,"tconstruct:materials_and_you":1,"minecraft:wooden_pickaxe":1,"minecraft:gold_block":1,"biomesoplenty:jacaranda_sapling":1,"minecraft:chain":4,"iceandfire:ghost_ingot":1,"iceandfire:graveyard_soil":25,"minecraft:cracked_stone_bricks":7,"minecraft:beef":21,"tconstruct:dagger":2,"minecraft:iron_nugget":5,"biomesoplenty:wildflower":2,"minecraft:sugar_cane":6,"minecraft:egg":1,"iceandfire:dragonscales_green":8,"minecraft:raw_iron":50,"minecraft:sandstone":18,"iceandfire:dragonbone":27,"minecraft:oak_door":3,"minecraft:music_disc_relic":1,"minecraft:fire_charge":1,"farmersdelight:tomato_seeds":2,"minecraft:cookie":6,"minecraft:carrot":22,"minecraft:redstone":59,"minecraft:tnt":3,"tconstruct:sky_slime_ball":88,"iceandfire:silver_ingot":7,"biomesoplenty:jacaranda_log":6,"minecraft:peony":1,"crittersandcompanions:silk":8,"alexscaves:spelunkery_table":1,"minecraft:gold_ingot":3,"minecraft:glow_berries":3,"minecraft:mutton":23,"minecraft:bone_block":39,"minecraft:skeleton_skull":7,"minecraft:white_wool":10,"minecraft:heartbreak_pottery_sherd":1,"minecraft:stripped_oak_log":2,"farmersdelight:rich_soil":3,"minecraft:salmon":16,"minecraft:leather":5,"minecraft:red_mushroom":5,"minecraft:ochre_froglight":26,"minecraft:filled_map":1,"minecraft:oak_log":113,"minecraft:chainmail_chestplate":1,"iceandfire:ectoplasm":13,"minecraft:gunpowder":7,"minecraft:yellow_bed":2,"minecraft:cobblestone_wall":1,"minecraft:cobblestone_stairs":2,"tconstruct:sky_slime_crystal_block":13,"minecraft:paper":7,"farmersdelight:organic_compost":5,"minecraft:cooked_mutton":2,"farmersdelight:cooking_pot":1,"minecraft:apple":9,"minecraft:stone_bricks":17,"minecraft:iron_ingot":15,"minecraft:stone_pickaxe":1,"minecraft:cooked_chicken":3,"minecraft:glass_bottle":1,"minecraft:gray_bed":1,"iceandfire:fire_dragon_flesh":5,"minecraft:book":72,"iceandfire:copper_nugget":40,"minecraft:pumpkin":2,"minecraft:sweet_berries":2,"minecraft:stone_brick_slab":3,"iceandfire:ash":37,"minecraft:gravel":27,"minecraft:blast_furnace":2,"minecraft:spruce_log":1,"minecraft:white_bed":3,"minecraft:spider_eye":3,"iceandfire:dragonscales_copper":13,"minecraft:pumpkin_seeds":4,"minecraft:stone_axe":3,"minecraft:chainmail_leggings":1,"alexscaves:cave_map":1,"minecraft:oak_button":6,"minecraft:baked_potato":2,"minecraft:black_wool":1,"farmersdelight:stove":1,"minecraft:coal":191},"minecraft:dropped":{"minecraft:iron_sword":1,"minecraft:glass_bottle":1,"minecraft:crafting_table":1,"minecraft:crossbow":1,"minecraft:glow_berries":3,"minecraft:cracked_stone_bricks":7,"iceandfire:graveyard_soil":5,"minecraft:cobblestone_stairs":1,"farmersdelight:onion":6,"minecraft:chain":2,"minecraft:gold_nugget":14,"alexscaves:cave_map":2,"iceandfire:ash":37,"minecraft:sand":3,"minecraft:iron_pickaxe":1,"minecraft:bone":11,"minecraft:oak_door":3,"minecraft:gravel":4,"minecraft:stone_axe":15,"minecraft:iron_nugget":4,"minecraft:golden_chestplate":1,"minecraft:cobbled_deepslate":122,"alexscaves:cave_tablet":1,"minecraft:wheat":12,"minecraft:rotten_flesh":45,"minecraft:oak_planks":2,"minecraft:chainmail_chestplate":1,"iceandfire:ghost_chest":4,"minecraft:ladder":1,"iceandfire:bestiary":1,"farmersdelight:rope":16,"minecraft:iron_bars":5,"minecraft:arrow":6,"minecraft:stone_brick_stairs":3,"tconstruct:dagger":1,"minecraft:egg":1,"minecraft:enchanted_book":2,"minecraft:oak_slab":1,"minecraft:wheat_seeds":5,"minecraft:mossy_cobblestone":1,"biomesoplenty:lavender":6,"minecraft:cobblestone":320,"minecraft:apple":3,"minecraft:granite":7,"minecraft:stick":6,"minecraft:lava_bucket":1,"iceandfire:copper_nugget":40,"minecraft:wooden_axe":1,"minecraft:dried_kelp":11,"minecraft:wither_rose":1,"minecraft:smooth_stone":1,"minecraft:chainmail_leggings":1,"minecraft:iron_shovel":1,"minecraft:paper":5,"minecraft:stone_brick_slab":3,"minecraft:coarse_dirt":1,"minecraft:tuff":2,"betterarcheology:artifact_shards":1,"tconstruct:earth_slime_dirt":12,"minecraft:iron_boots":19,"minecraft:pumpkin_seeds":4,"minecraft:filled_map":2,"minecraft:potato":4,"minecraft:flower_pot":1,"minecraft:allium":14,"minecraft:peony":2,"iceandfire:chared_cobblestone":13,"minecraft:mossy_stone_bricks":3,"minecraft:spider_eye":1,"minecraft:barrel":3,"minecraft:stone_bricks":17,"minecraft:sandstone":18,"minecraft:stone_pickaxe":3,"minecraft:wooden_pickaxe":3,"minecraft:calcite":54,"farmersdelight:tomato":5,"minecraft:black_wool":1},"minecraft:used":{"iceandfire:lectern":2,"minecraft:iron_shovel":402,"minecraft:oak_sign":9,"minecraft:chest":10,"minecraft:iron_sword":167,"minecraft:deepslate_brick_slab":7,"minecraft:tuff":9,"minecraft:lava_bucket":1,"minecraft:lantern":2,"minecraft:stone_bricks":1,"biomesoplenty:jacaranda_sapling":1,"minecraft:bow":150,"minecraft:furnace":1,"minecraft:oak_sapling":7,"minecraft:acacia_fence":2,"betterarcheology:diamond_brush":4,"minecraft:diamond_boots":1,"minecraft:stone_pickaxe":671,"minecraft:oak_planks":12,"minecraft:wooden_pickaxe":36,"minecraft:diamond_axe":72,"minecraft:white_wool":2,"minecraft:sand":87,"minecraft:blast_furnace":1,"minecraft:black_bed":2,"biomesoplenty:jacaranda_planks":20,"waystones:waystone":4,"minecraft:bread":69,"minecraft:gravel":25,"minecraft:smithing_table":1,"minecraft:oak_boat":1,"minecraft:coarse_dirt":1,"minecraft:stone_sword":81,"minecraft:spruce_planks":4,"farmersdelight:rich_soil":1,"minecraft:cooked_salmon":18,"minecraft:cooked_chicken":1,"simpletomb:grave_key":13,"minecraft:torch":24,"minecraft:dirt":574,"minecraft:hopper":3,"minecraft:cobblestone_wall":1,"minecraft:stone_brick_slab":5,"minecraft:wooden_axe":41,"minecraft:bookshelf":1,"minecraft:barrel":4,"alexscaves:spelunkery_table":1,"travelersbackpack:sponge":1,"minecraft:cooked_beef":17,"minecraft:cobbled_deepslate":99,"minecraft:brown_candle":1,"minecraft:brown_bed":1,"minecraft:cooked_mutton":12,"minecraft:water_bucket":4,"iceandfire:fire_dragon_flesh":1,"minecraft:cobblestone_stairs":6,"minecraft:birch_planks":8,"minecraft:baked_potato":2,"minecraft:fletching_table":1,"iceandfire:dragon_skull_lightning":2,"minecraft:deepslate_bricks":24,"minecraft:mossy_cobblestone":3,"farmersdelight:onion":10,"minecraft:oak_slab":9,"minecraft:crafting_table":16,"minecraft:white_bed":1,"minecraft:spruce_log":1,"minecraft:diamond_pickaxe":244,"minecraft:apple":1,"minecraft:diamond_shovel":1585,"minecraft:oak_button":39,"minecraft:iron_pickaxe":1476,"iceandfire:graveyard_soil":5,"minecraft:stone_axe":132,"minecraft:cobblestone":798,"minecraft:bucket":13,"minecraft:stripped_oak_log":1,"minecraft:diamond_leggings":1}},"DataVersion":3465}