{"stats":{"minecraft:broken":{"toughasnails:leather_water_canteen":5,"minecraft:iron_sword":1},"minecraft:used":{"minecraft:netherite_sword":77,"toughasnails:water_purifier":2,"minecraft:spruce_planks":2,"minecraft:stone":1,"minecraft:iron_sword":60,"minecraft:rotten_flesh":5,"minecraft:torch":2,"minecraft:dirt":15,"minecraft:mutton":1,"minecraft:spruce_fence":1,"minecraft:wooden_axe":32,"minecraft:iron_axe":73,"toughasnails:leather_water_canteen":47,"minecraft:furnace":3,"minecraft:cooked_beef":17,"minecraft:cobbled_deepslate":6,"toughasnails:empty_leather_canteen":5,"minecraft:cooked_mutton":2,"minecraft:birch_planks":1,"minecraft:stone_pickaxe":51,"minecraft:wooden_pickaxe":13,"minecraft:crafting_table":7,"minecraft:bread":9,"minecraft:iron_pickaxe":132,"travelersbackpack:white_sleeping_bag":1,"minecraft:diamond_sword":6,"minecraft:cobblestone":51,"travelersbackpack:standard":5},"minecraft:dropped":{"minecraft:iron_ingot":17,"minecraft:iron_sword":1,"minecraft:birch_planks":1,"minecraft:cooked_beef":30,"minecraft:diamond":2,"minecraft:chest_minecart":1,"minecraft:leather":24,"minecraft:tropical_fish":11,"travelersbackpack:standard":1,"minecraft:rail":18,"scguns:phosphorite":1,"minecraft:wooden_axe":2,"gravestone:obituary":2,"minecraft:sand":1,"minecraft:gold_ingot":1,"minecraft:moss_carpet":1,"minecraft:iron_nugget":1,"minecraft:netherite_sword":1,"minecraft:rotten_flesh":29,"scguns:gun_bench":1,"minecraft:potato":10,"minecraft:stone":1,"minecraft:gunpowder":12,"minecraft:beetroot_seeds":4,"minecraft:spruce_log":151,"minecraft:stone_pickaxe":1,"minecraft:wooden_pickaxe":6},"minecraft:picked_up":{"minecraft:wooden_axe":2,"minecraft:crafting_table":2,"minecraft:chest_minecart":2,"minecraft:wooden_pickaxe":6,"gravestone:obituary":1,"scguns:raw_anthralite":15,"minecraft:string":5,"minecraft:iron_axe":1,"minecraft:moss_carpet":1,"minecraft:raw_copper":50,"minecraft:iron_leggings":7,"minecraft:cobbled_deepslate":8,"minecraft:spruce_planks":26,"minecraft:beef":60,"scguns:ancient_brass":1,"minecraft:iron_nugget":37,"minecraft:iron_pickaxe":4,"minecraft:enchanted_golden_apple":2,"minecraft:phantom_membrane":7,"minecraft:iron_boots":4,"minecraft:furnace":5,"minecraft:stick":33,"minecraft:raw_iron":68,"minecraft:copper_ingot":25,"minecraft:torch":2,"minecraft:spruce_fence":1,"minecraft:redstone":17,"minecraft:golden_chestplate":1,"minecraft:rotten_flesh":222,"minecraft:tropical_fish":13,"minecraft:beetroot_seeds":8,"minecraft:gold_ingot":4,"minecraft:glow_berries":6,"minecraft:mutton":11,"minecraft:rail":35,"minecraft:cobblestone":144,"minecraft:white_wool":9,"minecraft:birch_log":6,"minecraft:cooked_beef":75,"minecraft:leather":90,"minecraft:golden_leggings":1,"minecraft:potato":51,"minecraft:birch_planks":7,"scguns:phosphorite":3,"scguns:compact_advanced_round":5,"minecraft:golden_boots":2,"minecraft:gunpowder":51,"minecraft:lapis_lazuli":17,"minecraft:blue_bed":1,"minecraft:dirt":28,"minecraft:cooked_mutton":6,"scguns:powder_and_ball":70,"minecraft:glass":14,"minecraft:bone":30,"minecraft:raw_gold":2,"minecraft:iron_ingot":33,"minecraft:stone_pickaxe":4,"scguns:sulfur_chunk":56,"travelersbackpack:gold":3,"minecraft:iron_sword":3,"scguns:advanced_round":1,"minecraft:sand":16,"toughasnails:empty_leather_canteen":2,"minecraft:spruce_log":41,"minecraft:spider_eye":2,"travelersbackpack:white_sleeping_bag":1,"travelersbackpack:standard":4,"toughasnails:water_purifier":2,"minecraft:slime_ball":6,"minecraft:diamond":8,"scguns:gun_bench":5,"minecraft:bread":10,"minecraft:emerald":9,"minecraft:oak_sapling":21,"minecraft:coal":114,"minecraft:ender_pearl":5},"minecraft:crafted":{"minecraft:furnace":1,"toughasnails:empty_leather_canteen":1,"minecraft:cooked_mutton":5,"minecraft:glass":14,"travelersbackpack:white_sleeping_bag":1,"minecraft:iron_axe":1,"minecraft:stone_pickaxe":1,"minecraft:chest":1,"quark:spruce_chest":1,"minecraft:cooked_beef":24,"minecraft:crafting_table":5,"minecraft:spruce_planks":36,"travelersbackpack:backpack_tank":2,"minecraft:wooden_pickaxe":2,"travelersbackpack:standard":1,"minecraft:birch_planks":24,"minecraft:air":0,"toughasnails:water_purifier":1,"minecraft:stick":24,"minecraft:iron_ingot":17,"minecraft:wooden_axe":2},"minecraft:custom":{"minecraft:mob_kills":105,"minecraft:interact_with_crafting_table":20,"minecraft:damage_dealt_resisted":82,"minecraft:leave_game":7,"minecraft:time_since_death":6788,"minecraft:climb_one_cm":341,"minecraft:sprint_one_cm":163818,"minecraft:walk_one_cm":141296,"minecraft:drop":37,"minecraft:talked_to_villager":1,"minecraft:play_time":95248,"minecraft:deaths":11,"minecraft:sneak_time":15361,"minecraft:walk_under_water_one_cm":13776,"minecraft:jump":695,"minecraft:walk_on_water_one_cm":24108,"minecraft:total_world_time":95248,"minecraft:interact_with_furnace":23,"minecraft:sleep_in_bed":3,"minecraft:time_since_rest":6816,"minecraft:waystone_activated":1,"minecraft:damage_taken":3471,"minecraft:damage_dealt":15358,"minecraft:swim_one_cm":4380,"minecraft:fly_one_cm":102075,"minecraft:open_chest":8,"minecraft:crouch_one_cm":48000,"minecraft:fall_one_cm":15961},"minecraft:killed":{"hordes:zombie_player":5,"mozombies_wave:zombie_pa":1,"minecraft:drowned":1,"scguns:sky_carrier":1,"minecraft:sheep":3,"minecraft:zombie":76,"minecraft:cow":18},"minecraft:killed_by":{"scguns:sky_carrier":1,"hordes:zombie_player":2,"minecraft:zombie":5},"minecraft:mined":{"minecraft:spruce_planks":1,"gravestone:gravestone":1,"minecraft:grass_block":6,"minecraft:spruce_fence":1,"travelersbackpack:white_sleeping_bag":1,"minecraft:large_fern":1,"minecraft:redstone_ore":2,"minecraft:furnace":3,"minecraft:iron_ore":26,"minecraft:cobbled_deepslate":2,"minecraft:deepslate_lapis_ore":2,"minecraft:deepslate_iron_ore":8,"scguns:phosphorite":1,"scguns:deepslate_sulfur_ore":15,"minecraft:stone":71,"toughasnails:water_purifier":2,"travelersbackpack:standard":2,"minecraft:crafting_table":2,"minecraft:cobblestone":12,"minecraft:copper_ore":7,"minecraft:deepslate_gold_ore":1,"scguns:gun_bench":1,"minecraft:blue_bed":1,"minecraft:wall_torch":1,"minecraft:birch_log":6,"minecraft:spruce_log":5,"minecraft:grass":1,"scguns:deepslate_anthralite_ore":6,"minecraft:coal_ore":27,"minecraft:dirt":9,"minecraft:sand":15,"scguns:anthralite_ore":3,"minecraft:deepslate":6,"scguns:sulfur_ore":2}},"DataVersion":3465}