{"stats":{"minecraft:broken":{"toughasnails:leather_water_canteen":6,"minecraft:iron_sword":1},"minecraft:used":{"minecraft:netherite_sword":77,"toughasnails:water_purifier":2,"minecraft:spruce_planks":2,"minecraft:stone":1,"minecraft:iron_sword":98,"minecraft:rotten_flesh":5,"minecraft:torch":4,"minecraft:dirt":15,"minecraft:mutton":1,"minecraft:spruce_fence":1,"minecraft:wooden_axe":32,"minecraft:iron_axe":73,"toughasnails:leather_water_canteen":55,"minecraft:furnace":3,"minecraft:cooked_beef":19,"minecraft:cobbled_deepslate":6,"toughasnails:empty_leather_canteen":7,"minecraft:cooked_mutton":5,"minecraft:birch_planks":1,"minecraft:stone_pickaxe":51,"minecraft:wooden_pickaxe":13,"minecraft:crafting_table":8,"minecraft:bread":9,"minecraft:iron_pickaxe":212,"travelersbackpack:white_sleeping_bag":1,"minecraft:diamond_sword":6,"minecraft:cobblestone":56,"travelersbackpack:standard":5},"minecraft:dropped":{"minecraft:golden_boots":2,"minecraft:iron_ingot":17,"minecraft:iron_sword":1,"minecraft:birch_planks":1,"minecraft:cooked_beef":30,"minecraft:diamond":2,"minecraft:chest_minecart":1,"minecraft:leather":24,"minecraft:tropical_fish":12,"travelersbackpack:standard":1,"minecraft:rail":18,"scguns:phosphorite":1,"minecraft:wooden_axe":2,"minecraft:iron_leggings":1,"gravestone:obituary":2,"minecraft:sand":1,"minecraft:gold_ingot":1,"minecraft:moss_carpet":1,"minecraft:iron_nugget":36,"minecraft:netherite_sword":1,"minecraft:rotten_flesh":230,"scguns:gun_bench":1,"minecraft:potato":10,"minecraft:stone":1,"minecraft:gunpowder":12,"minecraft:beetroot_seeds":4,"minecraft:golden_leggings":1,"minecraft:spruce_log":151,"minecraft:stone_pickaxe":1,"minecraft:wooden_pickaxe":6},"minecraft:picked_up":{"minecraft:wooden_axe":2,"minecraft:crafting_table":2,"minecraft:clay_ball":4,"minecraft:chest_minecart":2,"minecraft:wooden_pickaxe":6,"gravestone:obituary":1,"scguns:raw_anthralite":43,"minecraft:string":33,"minecraft:iron_axe":1,"minecraft:moss_carpet":1,"minecraft:raw_copper":50,"minecraft:iron_leggings":7,"minecraft:cobbled_deepslate":23,"minecraft:spruce_planks":26,"minecraft:beef":60,"scguns:ancient_brass":1,"minecraft:iron_nugget":37,"minecraft:iron_pickaxe":4,"minecraft:enchanted_golden_apple":2,"minecraft:phantom_membrane":8,"minecraft:iron_boots":4,"minecraft:furnace":5,"minecraft:stick":33,"minecraft:raw_iron":69,"minecraft:copper_ingot":25,"minecraft:torch":2,"minecraft:spruce_fence":1,"minecraft:redstone":44,"minecraft:golden_chestplate":1,"minecraft:rotten_flesh":288,"minecraft:tropical_fish":13,"minecraft:beetroot_seeds":8,"minecraft:gold_ingot":4,"minecraft:glow_berries":6,"minecraft:mutton":11,"minecraft:rail":35,"minecraft:cobblestone":144,"minecraft:white_wool":9,"minecraft:birch_log":6,"minecraft:cooked_beef":75,"minecraft:leather":90,"minecraft:golden_leggings":2,"minecraft:potato":51,"minecraft:birch_planks":7,"scguns:phosphorite":3,"scguns:compact_advanced_round":5,"minecraft:golden_boots":3,"minecraft:gunpowder":51,"minecraft:lapis_lazuli":29,"minecraft:blue_bed":1,"minecraft:dirt":28,"minecraft:cooked_mutton":6,"scguns:powder_and_ball":70,"minecraft:glass":14,"minecraft:bone":30,"minecraft:raw_gold":8,"minecraft:iron_ingot":33,"minecraft:stone_pickaxe":4,"scguns:sulfur_chunk":89,"minecraft:moss_block":1,"travelersbackpack:gold":3,"minecraft:iron_sword":3,"scguns:advanced_round":1,"minecraft:gravel":1,"minecraft:sand":16,"toughasnails:empty_leather_canteen":2,"minecraft:spruce_log":41,"minecraft:spider_eye":3,"travelersbackpack:white_sleeping_bag":1,"travelersbackpack:standard":4,"toughasnails:water_purifier":2,"minecraft:slime_ball":6,"minecraft:diamond":11,"scguns:gun_bench":5,"minecraft:bread":10,"minecraft:emerald":9,"minecraft:oak_sapling":21,"minecraft:coal":114,"minecraft:ender_pearl":5},"minecraft:crafted":{"minecraft:furnace":1,"toughasnails:empty_leather_canteen":1,"minecraft:cooked_mutton":5,"minecraft:glass":14,"travelersbackpack:white_sleeping_bag":1,"minecraft:iron_axe":1,"minecraft:stone_pickaxe":1,"minecraft:chest":1,"quark:spruce_chest":1,"minecraft:cooked_beef":24,"minecraft:crafting_table":6,"minecraft:spruce_planks":44,"travelersbackpack:backpack_tank":2,"minecraft:wooden_pickaxe":2,"travelersbackpack:standard":1,"minecraft:iron_sword":1,"minecraft:birch_planks":24,"minecraft:air":0,"toughasnails:water_purifier":1,"minecraft:stick":32,"minecraft:iron_ingot":17,"minecraft:wooden_axe":2},"minecraft:custom":{"minecraft:mob_kills":107,"minecraft:interact_with_crafting_table":24,"minecraft:damage_dealt_resisted":82,"minecraft:leave_game":7,"minecraft:time_since_death":18788,"minecraft:climb_one_cm":341,"minecraft:sprint_one_cm":196082,"minecraft:walk_one_cm":171486,"minecraft:drop":48,"minecraft:talked_to_villager":1,"minecraft:play_time":107248,"minecraft:deaths":11,"minecraft:sneak_time":16207,"minecraft:walk_under_water_one_cm":16073,"minecraft:jump":774,"minecraft:walk_on_water_one_cm":24954,"minecraft:total_world_time":107248,"minecraft:interact_with_furnace":23,"minecraft:sleep_in_bed":3,"minecraft:time_since_rest":18816,"minecraft:waystone_activated":1,"minecraft:damage_taken":3641,"minecraft:damage_dealt":15748,"minecraft:swim_one_cm":4869,"minecraft:fly_one_cm":104640,"minecraft:open_chest":11,"minecraft:crouch_one_cm":50085,"minecraft:fall_one_cm":16749},"minecraft:killed":{"hordes:zombie_player":5,"mozombies_wave:zombie_pa":1,"minecraft:drowned":1,"scguns:sky_carrier":1,"minecraft:sheep":3,"minecraft:zombie":78,"minecraft:cow":18},"minecraft:killed_by":{"scguns:sky_carrier":1,"hordes:zombie_player":2,"minecraft:zombie":5},"minecraft:mined":{"minecraft:spruce_planks":1,"minecraft:deepslate_diamond_ore":3,"gravestone:gravestone":1,"minecraft:grass_block":6,"minecraft:spruce_fence":1,"travelersbackpack:white_sleeping_bag":1,"minecraft:moss_block":1,"minecraft:spawner":3,"minecraft:large_fern":1,"minecraft:redstone_ore":2,"minecraft:furnace":3,"minecraft:iron_ore":26,"minecraft:cobbled_deepslate":2,"minecraft:deepslate_lapis_ore":4,"minecraft:deepslate_iron_ore":9,"scguns:phosphorite":1,"scguns:deepslate_sulfur_ore":29,"minecraft:stone":71,"minecraft:deepslate_redstone_ore":6,"toughasnails:water_purifier":2,"travelersbackpack:standard":2,"minecraft:clay":1,"minecraft:crafting_table":2,"minecraft:cobblestone":12,"minecraft:copper_ore":7,"minecraft:deepslate_gold_ore":7,"scguns:gun_bench":1,"minecraft:blue_bed":1,"minecraft:wall_torch":1,"minecraft:birch_log":6,"minecraft:spruce_log":5,"minecraft:grass":1,"scguns:deepslate_anthralite_ore":34,"minecraft:coal_ore":27,"minecraft:gravel":1,"minecraft:dirt":9,"minecraft:sand":15,"minecraft:cobweb":28,"scguns:anthralite_ore":3,"minecraft:deepslate":21,"scguns:sulfur_ore":2}},"DataVersion":3465}