{"stats":{"minecraft:killed":{"iceandfire:hippogryph":1,"minecraft:cave_spider":8,"iceandfire:gorgon":1,"minecraft:cod":1,"tconstruct:sky_slime":15,"minecraft:skeleton":34,"minecraft:chicken":7,"iceandfire:dread_scuttler":3,"minecraft:iron_golem":5,"iceandfire:cockatrice":9,"minecraft:pillager":7,"minecraft:zombie":65,"iceandfire:dread_ghoul":31,"iceandfire:lightning_dragon":5,"minecraft:cow":10,"iceandfire:dread_beast":21,"crittersandcompanions:dragonfly":13,"iceandfire:dread_knight":16,"iceandfire:cyclops":1,"iceandfire:ghost":10,"iceandfire:ice_dragon":1,"minecraft:enderman":3,"minecraft:witch":1,"minecraft:spider":16,"crittersandcompanions:leaf_insect":1,"minecraft:silverfish":64,"minecraft:pig":13,"minecraft:zombie_villager":2,"minecraft:creeper":18,"minecraft:sheep":5,"iceandfire:dread_thrall":25,"iceandfire:fire_dragon":7,"minecraft:drowned":4,"iceandfire:amphithere":2},"minecraft:mined":{"minecraft:white_bed":4,"iceandfire:copper_pile":2,"tconstruct:sky_slime_crystal_block":13,"minecraft:jungle_leaves":9,"minecraft:granite":14,"minecraft:jungle_log":2,"minecraft:light_gray_bed":1,"minecraft:coal_block":5,"minecraft:deepslate_bricks":2,"biomesoplenty:dried_salt":13,"minecraft:oak_wall_sign":1,"minecraft:chiseled_stone_bricks":6,"minecraft:spawner":7,"minecraft:tall_seagrass":5,"minecraft:magma_block":21,"minecraft:fire":56,"minecraft:barrel":7,"minecraft:sticky_piston":12,"minecraft:cobbled_deepslate":4,"biomesoplenty:lavender":2,"tconstruct:seared_melter":5,"minecraft:moss_carpet":1,"minecraft:fletching_table":1,"minecraft:sculk_shrieker":1,"iceandfire:gold_pile":279,"minecraft:dirt_path":184,"minecraft:oak_stairs":5,"betterarcheology:loot_vase":9,"iceandfire:dread_stone_bricks_cracked":41,"minecraft:tripwire":4,"minecraft:orange_bed":5,"minecraft:piston_head":2,"minecraft:brown_mushroom":1,"biomesoplenty:jacaranda_planks":5,"minecraft:smoker":4,"minecraft:torch":42,"minecraft:note_block":1,"minecraft:blast_furnace":5,"minecraft:polished_andesite_stairs":2,"minecraft:sugar_cane":6,"minecraft:damaged_anvil":1,"minecraft:skeleton_skull":7,"minecraft:white_terracotta":1,"minecraft:chain":3,"minecraft:repeater":1,"iceandfire:crackled_stone":1,"tconstruct:seared_faucet":1,"tconstruct:earth_slime_dirt":5,"minecraft:black_bed":2,"minecraft:wither_rose":4,"minecraft:stone_brick_stairs":7,"iceandfire:dragonforge_ice_input":1,"minecraft:grass":124,"minecraft:infested_mossy_stone_bricks":4,"minecraft:deepslate":225,"iceandfire:silver_ore":27,"minecraft:mossy_cobblestone":11,"farmersdelight:wild_carrots":13,"biomesoplenty:desert_grass":19,"tconstruct:modifier_worktable":3,"minecraft:allium":2,"minecraft:jungle_planks":7,"minecraft:redstone_wire":1,"minecraft:red_mushroom":4,"tconstruct:sky_slime_crystal_cluster":1,"farmersdelight:wild_onions":9,"minecraft:jungle_sapling":2,"minecraft:snow":2,"minecraft:vine":9,"minecraft:rail":1,"minecraft:bamboo_sapling":2,"iceandfire:frost_lily":2,"minecraft:bamboo":2,"minecraft:bone_block":41,"minecraft:smithing_table":2,"minecraft:oak_slab":2,"minecraft:stone_brick_slab":3,"minecraft:observer":1,"minecraft:sponge":1,"iceandfire:dread_stone_stairs":1,"minecraft:campfire":7,"minecraft:copper_ore":25,"minecraft:tall_grass":19,"tconstruct:seared_casting_tank":2,"minecraft:deepslate_gold_ore":21,"farmersdelight:wild_tomatoes":2,"tconstruct:sky_slime_leaves":2,"minecraft:coarse_dirt":16,"minecraft:cobblestone_wall":1,"betterarcheology:loot_vase_creeper":8,"minecraft:creeper_head":1,"minecraft:spruce_log":3,"minecraft:jungle_fence":1,"iceandfire:silver_pile":3,"minecraft:acacia_door":1,"minecraft:zombie_head":1,"minecraft:gravel":35,"minecraft:cobweb":51,"minecraft:oak_button":2,"minecraft:stone_bricks":83,"minecraft:fern":10,"minecraft:infested_stone":1,"tconstruct:sky_congealed_slime":16,"minecraft:spruce_planks":3,"farmersdelight:rich_soil":3,"iceandfire:graveyard_soil":15,"minecraft:cobblestone_stairs":2,"farmersdelight:tomato_crate":4,"minecraft:brewing_stand":5,"minecraft:grass_block":933,"minecraft:infested_cobblestone":2,"iceandfire:lectern":2,"iceandfire:dread_spawner":13,"betterarcheology:villager_fossil_body":1,"minecraft:mud_bricks":3,"minecraft:composter":3,"minecraft:green_wall_banner":2,"iceandfire:crackled_cobblestone":7,"tconstruct:seared_table":3,"minecraft:smooth_stone":22,"another_furniture:jungle_chair":2,"minecraft:iron_ore":48,"minecraft:brown_bed":5,"minecraft:dark_oak_stairs":1,"minecraft:iron_bars":6,"minecraft:green_bed":3,"iceandfire:chared_cobblestone":40,"minecraft:deepslate_redstone_ore":12,"farmersdelight:organic_compost":5,"biomesoplenty:wildflower":2,"minecraft:calcite":2,"minecraft:poppy":1,"iceandfire:ghost_chest":7,"iceandfire:fire_lily":3,"minecraft:cobblestone":66,"minecraft:grindstone":2,"minecraft:oak_planks":19,"minecraft:wall_torch":6,"minecraft:deepslate_copper_ore":3,"minecraft:seagrass":14,"minecraft:dark_oak_slab":1,"minecraft:tnt":3,"biomesoplenty:fir_log":14,"minecraft:yellow_stained_glass_pane":2,"iceandfire:dread_stone_bricks_mossy":10,"minecraft:oak_log":44,"minecraft:acacia_fence":3,"minecraft:sand":236,"minecraft:dirt":1019,"minecraft:infested_cracked_stone_bricks":13,"minecraft:netherrack":23,"iceandfire:dread_stone_bricks":43,"betterarcheology:villager_fossil_head":2,"minecraft:oak_leaves":81,"minecraft:emerald_block":5,"iceandfire:chared_stone":30,"iceandfire:lightning_lily":3,"alexscaves:spelunkery_table":1,"minecraft:diamond_ore":5,"minecraft:tuff":11,"minecraft:deepslate_diamond_ore":24,"minecraft:oak_door":1,"minecraft:chiseled_bookshelf":3,"biomesoplenty:bush":11,"minecraft:decorated_pot":1,"iceandfire:dragonforge_ice_brick":7,"minecraft:sandstone":20,"minecraft:large_fern":1,"minecraft:hay_block":19,"minecraft:carrots":2,"tconstruct:sky_earth_slime_grass":1,"minecraft:stripped_spruce_log":3,"treechop:chopped_log":24,"iceandfire:dragon_bone_block":4,"minecraft:gold_block":8,"minecraft:bell":1,"minecraft:bookshelf":28,"minecraft:deepslate_iron_ore":6,"minecraft:lantern":4,"crittersandcompanions:silk_cocoon":3,"minecraft:stripped_oak_log":2,"minecraft:stone":3191,"farmersdelight:cooking_pot":1,"minecraft:scaffolding":1,"minecraft:oak_fence":1,"minecraft:crafting_table":8,"iceandfire:dread_stone_slab":1,"tconstruct:seared_basin":4,"minecraft:rose_bush":2,"minecraft:lectern":2,"minecraft:stone_slab":1,"farmersdelight:onion_crate":1,"biomesoplenty:sprout":15,"minecraft:lapis_ore":3,"minecraft:birch_planks":2,"minecraft:sweet_berry_bush":2,"minecraft:gray_bed":2,"iceandfire:ash":38,"minecraft:yellow_bed":7,"minecraft:coal_ore":192,"minecraft:ochre_froglight":26,"betterarcheology:evoker_trap":2,"minecraft:flower_pot":1,"farmersdelight:stove":1,"minecraft:cracked_stone_bricks":28,"minecraft:polished_andesite":2,"minecraft:mossy_stone_bricks":35},"minecraft:dropped":{"iceandfire:chared_stone":17,"minecraft:iron_sword":1,"minecraft:glass_bottle":1,"minecraft:crafting_table":1,"minecraft:crossbow":22,"biomesoplenty:black_sand":10,"minecraft:glow_berries":3,"minecraft:brewer_pottery_sherd":4,"iceandfire:ectoplasm":1,"minecraft:cracked_stone_bricks":9,"minecraft:sheaf_pottery_sherd":4,"minecraft:dirt":2,"iceandfire:dread_sword":2,"minecraft:chain":2,"minecraft:gold_nugget":21,"minecraft:bone_meal":1,"minecraft:sand":6,"minecraft:iron_pickaxe":1,"minecraft:bone":11,"minecraft:oak_door":3,"minecraft:stone_axe":15,"minecraft:iron_nugget":14,"minecraft:golden_chestplate":1,"minecraft:cobbled_deepslate":122,"alexscaves:cave_tablet":1,"minecraft:wheat":35,"minecraft:rotten_flesh":54,"minecraft:oak_planks":2,"iceandfire:crackled_gravel":3,"iceandfire:ghost_chest":6,"tconstruct:pickadze":4,"biomesoplenty:wildflower":2,"iceandfire:bestiary":1,"minecraft:ladder":1,"farmersdelight:rope":16,"minecraft:stone_brick_stairs":6,"tconstruct:dagger":4,"minecraft:egg":1,"minecraft:enchanted_book":4,"minecraft:golden_boots":1,"minecraft:wheat_seeds":17,"simpletomb:grave_key":5,"biomesoplenty:lavender":6,"minecraft:cobblestone":336,"minecraft:apple":3,"minecraft:granite":11,"minecraft:chainmail_helmet":1,"minecraft:coal":28,"minecraft:polished_andesite":2,"minecraft:lava_bucket":1,"minecraft:cobweb":1,"iceandfire:copper_nugget":228,"minecraft:wooden_axe":3,"minecraft:dried_kelp":11,"minecraft:white_banner":1,"minecraft:smooth_stone":1,"minecraft:paper":11,"minecraft:chainmail_leggings":4,"minecraft:iron_shovel":3,"minecraft:string":1,"iceandfire:dragon_skull_fire":1,"minecraft:stone_brick_slab":3,"biomesoplenty:dried_salt":215,"minecraft:moss_carpet":1,"tconstruct:earth_slime_dirt":12,"minecraft:iron_boots":19,"minecraft:pumpkin_seeds":4,"minecraft:suspicious_stew":1,"minecraft:potato":13,"minecraft:flower_pot":1,"minecraft:allium":14,"minecraft:peony":2,"minecraft:spider_eye":2,"minecraft:barrel":3,"minecraft:stone_bricks":36,"minecraft:rabbit_stew":10,"minecraft:sandstone":18,"minecraft:bow":12,"farmersdelight:tomato":5,"minecraft:black_wool":1,"minecraft:jungle_fence":5,"biomesoplenty:black_sandstone":16,"iceandfire:graveyard_soil":5,"minecraft:flint":1,"minecraft:cobblestone_stairs":1,"farmersdelight:onion":6,"alexscaves:cave_map":2,"iceandfire:ash":42,"minecraft:gravel":22,"iceandfire:ghost_sword":2,"minecraft:carrot":68,"minecraft:chainmail_chestplate":3,"minecraft:chiseled_stone_bricks":2,"minecraft:beetroot_seeds":10,"minecraft:chainmail_boots":2,"minecraft:iron_bars":12,"minecraft:arrow":6,"biomesoplenty:mahogany_log":1,"minecraft:oak_slab":1,"minecraft:golden_helmet":1,"minecraft:lilac":4,"minecraft:mossy_cobblestone":5,"minecraft:diamond_leggings":1,"iceandfire:lightning_dragon_flesh":1,"minecraft:stick":44,"minecraft:polished_andesite_stairs":1,"minecraft:wither_rose":1,"minecraft:sweet_berries":1,"minecraft:coarse_dirt":2,"minecraft:tuff":3,"betterarcheology:artifact_shards":1,"minecraft:flint_and_steel":1,"minecraft:filled_map":2,"minecraft:mud_bricks":2,"iceandfire:chared_cobblestone":13,"minecraft:mossy_stone_bricks":24,"minecraft:oak_sapling":3,"minecraft:stone_pickaxe":3,"minecraft:wooden_pickaxe":3,"minecraft:calcite":54},"minecraft:used":{"iceandfire:lectern":3,"minecraft:writable_book":1,"minecraft:dispenser":1,"minecraft:chest":22,"minecraft:green_banner":1,"minecraft:deepslate_brick_slab":21,"minecraft:jungle_sapling":12,"minecraft:lava_bucket":39,"iceandfire:dragonegg_electric":3,"iceandfire:crackled_gravel":1,"minecraft:grass_block":38,"tconstruct:seared_casting_tank":1,"minecraft:rabbit_stew":4,"biomesoplenty:jacaranda_sapling":6,"minecraft:bow":450,"minecraft:dark_oak_boat":1,"minecraft:sweet_berries":2,"minecraft:oak_sapling":7,"minecraft:furnace":1,"minecraft:acacia_fence":2,"iceandfire:dread_stone_slab":1,"minecraft:damaged_anvil":1,"minecraft:mossy_stone_bricks":1,"minecraft:powered_rail":3,"minecraft:wooden_pickaxe":36,"minecraft:composter":4,"iceandfire:dread_stone_bricks":10,"minecraft:golden_apple":7,"minecraft:sand":87,"minecraft:blast_furnace":2,"biomesoplenty:jacaranda_planks":88,"iceandfire:lightning_dragon_flesh":1,"minecraft:lectern":1,"iceandfire:chared_cobblestone":4,"globalxp:xp_block":1,"minecraft:smithing_table":2,"iceandfire:dragon_bone_block":4,"minecraft:oak_boat":2,"minecraft:oak_trapdoor":2,"minecraft:stone_sword":81,"minecraft:cooked_salmon":50,"minecraft:netherrack":4,"minecraft:orange_bed":4,"minecraft:torch":159,"another_furniture:jungle_chair":5,"minecraft:barrel":12,"minecraft:bamboo":8,"iceandfire:dragonegg_gray":1,"waystones:white_sharestone":8,"minecraft:cobbled_deepslate":99,"minecraft:water_bucket":41,"minecraft:birch_planks":8,"minecraft:fletching_table":2,"iceandfire:dragon_skull_lightning":7,"minecraft:deepslate_bricks":69,"minecraft:cracked_stone_bricks":14,"minecraft:salmon":4,"minecraft:mossy_cobblestone":5,"minecraft:rail":2,"minecraft:crafting_table":17,"minecraft:oak_slab":23,"minecraft:white_bed":7,"minecraft:cod":18,"minecraft:spruce_log":3,"minecraft:diamond_pickaxe":2693,"minecraft:diamond_shovel":2163,"tconstruct:seared_table":2,"minecraft:iron_pickaxe":1512,"iceandfire:dragon_horn":4,"minecraft:oak_button":73,"minecraft:chiseled_stone_bricks":1,"tconstruct:seared_melter":4,"minecraft:cobblestone":1034,"iceandfire:crackled_cobblestone":4,"biomesoplenty:dead_button":9,"minecraft:cooked_porkchop":3,"minecraft:stripped_oak_log":1,"betterarcheology:villager_fossil":1,"minecraft:diamond_leggings":1,"iceandfire:dread_stone_bricks_cracked":5,"iceandfire:ghost_sword":392,"minecraft:iron_shovel":2548,"minecraft:bone_block":2,"minecraft:oak_sign":30,"minecraft:iron_sword":167,"minecraft:creeper_head":1,"biomesoplenty:fir_button":28,"minecraft:mutton":2,"minecraft:jungle_planks":27,"minecraft:carrot":96,"minecraft:tuff":9,"minecraft:obsidian":14,"iceandfire:dread_torch":2,"minecraft:lantern":3,"minecraft:stone_bricks":11,"minecraft:jungle_button":1,"minecraft:gray_bed":2,"betterarcheology:villager_fossil_head":1,"betterarcheology:diamond_brush":10,"minecraft:diamond_boots":1,"minecraft:stone_pickaxe":671,"minecraft:jungle_fence":17,"minecraft:oak_planks":19,"travelersbackpack:iron_golem":2,"minecraft:diamond_axe":335,"minecraft:white_wool":6,"minecraft:sponge":3,"minecraft:black_bed":2,"minecraft:note_block":2,"minecraft:redstone_torch":1,"waystones:waystone":14,"minecraft:bread":175,"iceandfire:ice_dragon_flesh":1,"minecraft:gravel":27,"iceandfire:dragon_skull_fire":2,"minecraft:smooth_stone_slab":5,"minecraft:coarse_dirt":30,"minecraft:bone_meal":107,"minecraft:flint_and_steel":4,"minecraft:spruce_planks":4,"farmersdelight:rich_soil":9,"minecraft:cooked_chicken":82,"simpletomb:grave_key":77,"minecraft:dirt":1401,"minecraft:hopper":9,"minecraft:cobblestone_wall":1,"minecraft:granite":2,"minecraft:iron_hoe":92,"minecraft:wooden_axe":41,"minecraft:stone_brick_slab":5,"minecraft:bookshelf":1,"iceandfire:dragonforge_fire_core_disabled":1,"iceandfire:dragon_bone_wall":1,"minecraft:oak_stairs":2,"biomesoplenty:dead_slab":6,"alexscaves:spelunkery_table":1,"iceandfire:dragonforge_fire_brick":4,"travelersbackpack:sponge":1,"minecraft:cooked_beef":27,"minecraft:brown_candle":1,"minecraft:brown_bed":1,"minecraft:cooked_mutton":19,"tconstruct:modifier_worktable":2,"iceandfire:fire_dragon_flesh":7,"minecraft:cobblestone_stairs":11,"minecraft:baked_potato":2,"farmersdelight:onion":10,"iceandfire:dread_stone_bricks_mossy":4,"tconstruct:seared_basin":3,"minecraft:smoker":1,"biomesoplenty:jacaranda_trapdoor":3,"iceandfire:dragonegg_black":1,"minecraft:apple":34,"iceandfire:graveyard_soil":5,"minecraft:stone_slab":2,"iceandfire:ash":5,"minecraft:stone_axe":132,"minecraft:bucket":86,"minecraft:pumpkin_pie":18,"minecraft:yellow_bed":4,"minecraft:smooth_stone":166},"minecraft:picked_up":{"iceandfire:dread_stone_bricks":43,"minecraft:chainmail_boots":2,"minecraft:suspicious_stew":3,"minecraft:creeper_head":1,"minecraft:flower_pot":1,"minecraft:smithing_table":2,"minecraft:stone_slab":2,"minecraft:oak_stairs":4,"minecraft:brown_bed":5,"minecraft:enchanted_book":3,"minecraft:wither_rose":3,"minecraft:brewing_stand":5,"iceandfire:manuscript":15,"minecraft:string":69,"tconstruct:earth_slime_dirt":12,"minecraft:beetroot":13,"minecraft:diamond_leggings":2,"minecraft:gold_nugget":3125,"minecraft:cobbled_deepslate":230,"minecraft:spruce_planks":3,"iceandfire:dragonforge_ice_brick":7,"minecraft:coal_block":5,"iceandfire:ghost_sword":1,"minecraft:golden_helmet":1,"minecraft:sheaf_pottery_sherd":4,"minecraft:composter":3,"minecraft:green_bed":3,"iceandfire:lightning_dragon_flesh":13,"tconstruct:seared_faucet":1,"minecraft:golden_chestplate":1,"minecraft:orange_bed":5,"iceandfire:lightning_lily":4,"tconstruct:sky_slime_crystal":4,"crittersandcompanions:dragonfly_wing":14,"minecraft:light_gray_bed":1,"farmersdelight:onion":13,"iceandfire:fire_dragon_heart":4,"farmersdelight:rope":16,"minecraft:white_terracotta":1,"minecraft:snowball":2,"minecraft:iron_bars":14,"biomesoplenty:lavender":7,"minecraft:sponge":1,"minecraft:birch_log":4,"minecraft:magma_block":29,"minecraft:feather":36,"minecraft:cooked_beef":1,"farmersdelight:rice":8,"biomesoplenty:dried_salt":246,"another_furniture:jungle_chair":2,"minecraft:water_bucket":1,"minecraft:jungle_log":16,"minecraft:smoker":4,"biomesoplenty:dead_log":3,"biomesoplenty:fir_sapling":29,"biomesoplenty:fir_log":165,"minecraft:flint":17,"farmersdelight:tomato":5,"minecraft:lantern":5,"minecraft:brown_candle":1,"iceandfire:dread_stone_slab":1,"tconstruct:seared_table":3,"minecraft:glowstone_dust":3,"tconstruct:sky_slime_sapling":1,"iceandfire:dragon_skull_fire":8,"iceandfire:shiny_scales":5,"minecraft:stripped_spruce_log":3,"iceandfire:lightning_dragon_heart":3,"minecraft:barrel":7,"iceandfire:chared_cobblestone":40,"minecraft:polished_andesite":2,"iceandfire:crackled_stone":19,"iceandfire:lectern":2,"minecraft:lever":1,"minecraft:granite":13,"minecraft:chainmail_helmet":1,"minecraft:bread":76,"iceandfire:gorgon_head":1,"iceandfire:raw_silver":31,"iceandfire:dragon_skull_lightning":19,"minecraft:crafting_table":10,"minecraft:coarse_dirt":15,"iceandfire:witherbone":17,"minecraft:leather_leggings":1,"tconstruct:materials_and_you":1,"biomesoplenty:jacaranda_sapling":8,"minecraft:cornflower":2,"minecraft:acacia_door":1,"minecraft:white_carpet":1,"minecraft:iron_shovel":1,"iceandfire:ghost_ingot":1,"iceandfire:graveyard_soil":25,"minecraft:cracked_stone_bricks":27,"minecraft:beef":37,"iceandfire:dread_knight_sword":1,"iceandfire:dread_shard":220,"minecraft:poppy":2,"minecraft:jungle_sapling":7,"minecraft:iron_nugget":40,"minecraft:chest":2,"tconstruct:modifier_worktable":3,"minecraft:egg":3,"minecraft:sandstone":18,"minecraft:oak_door":7,"minecraft:spruce_fence":13,"minecraft:fire_charge":1,"farmersdelight:tomato_seeds":3,"minecraft:carrot":144,"minecraft:redstone":71,"minecraft:prismarine_crystals":3,"minecraft:tnt":3,"iceandfire:dragon_skull_ice":2,"iceandfire:dragonegg_electric":3,"tconstruct:sky_slime_ball":88,"biomesoplenty:jacaranda_log":21,"minecraft:beetroot_seeds":23,"minecraft:peony":1,"minecraft:deepslate_bricks":2,"minecraft:hay_block":19,"minecraft:gold_ingot":3,"minecraft:glow_berries":3,"minecraft:mutton":27,"minecraft:white_wool":21,"minecraft:bone_block":41,"minecraft:rail":1,"minecraft:heartbreak_pottery_sherd":1,"minecraft:stripped_oak_log":2,"biomesoplenty:black_sandstone":16,"minecraft:mud_bricks":3,"iceandfire:sea_serpent_fang":2,"biomesoplenty:fir_button":5,"minecraft:jungle_fence":1,"minecraft:red_mushroom":5,"minecraft:ochre_froglight":26,"minecraft:filled_map":1,"minecraft:oak_log":160,"minecraft:golden_boots":1,"tconstruct:sky_slime_crystal_block":13,"minecraft:paper":7,"minecraft:white_banner":1,"farmersdelight:organic_compost":5,"minecraft:apple":17,"minecraft:stone_bricks":67,"farmersdelight:cooking_pot":1,"minecraft:kelp":10,"minecraft:stone_pickaxe":1,"iceandfire:dread_stone_stairs":1,"minecraft:glass_bottle":1,"minecraft:gray_bed":2,"minecraft:dark_oak_stairs":1,"iceandfire:chared_stone":29,"minecraft:polished_andesite_stairs":2,"iceandfire:copper_nugget":400,"minecraft:dark_oak_slab":1,"minecraft:sweet_berries":27,"minecraft:gravel":153,"betterarcheology:villager_fossil_body":1,"minecraft:spruce_sapling":2,"betterarcheology:villager_fossil_head":2,"minecraft:spruce_log":9,"iceandfire:dragonscales_copper":142,"minecraft:brewer_pottery_sherd":4,"biomesoplenty:mahogany_log":1,"minecraft:stone_axe":3,"iceandfire:cockatrice_skull":1,"iceandfire:dragonforge_ice_input":1,"tconstruct:seared_melter":5,"minecraft:gray_wool":1,"iceandfire:ice_dragon_flesh":3,"minecraft:oak_button":6,"alexscaves:cave_map":1,"minecraft:baked_potato":2,"minecraft:melon_seeds":2,"minecraft:ender_pearl":6,"minecraft:wheat":52,"minecraft:stone_brick_stairs":7,"minecraft:raw_copper":137,"minecraft:sticky_piston":14,"minecraft:zombie_head":1,"minecraft:oak_sign":3,"minecraft:smooth_stone":20,"iceandfire:frost_lily":2,"minecraft:rose_bush":3,"minecraft:calcite":29,"iceandfire:dragonscales_red":137,"minecraft:iron_boots":9,"minecraft:stick":86,"iceandfire:ghost_chest":8,"minecraft:acacia_fence":2,"minecraft:oak_fence":2,"minecraft:torch":72,"iceandfire:dragonscales_white":27,"iceandfire:dread_sword":3,"minecraft:porkchop":45,"minecraft:dried_kelp":11,"iceandfire:crackled_gravel":4,"minecraft:pointed_dripstone":1,"minecraft:green_banner":2,"farmersdelight:tomato_crate":4,"minecraft:rotten_flesh":236,"tconstruct:pickadze":4,"minecraft:obsidian":5,"minecraft:cod":9,"minecraft:cobblestone":3281,"farmersdelight:onion_crate":1,"minecraft:lilac":18,"minecraft:repeater":1,"minecraft:black_bed":2,"minecraft:potato":28,"minecraft:tuff":12,"minecraft:lapis_lazuli":65,"minecraft:dirt":2180,"iceandfire:dragonscales_bronze":21,"minecraft:glass":31,"minecraft:bone":288,"minecraft:bow":4,"minecraft:wheat_seeds":64,"minecraft:raw_gold":22,"minecraft:bell":2,"minecraft:light_blue_dye":1,"minecraft:grindstone":2,"minecraft:mossy_stone_bricks":32,"minecraft:fletching_table":1,"minecraft:bamboo":22,"minecraft:oak_planks":29,"iceandfire:amphithere_feather":11,"betterarcheology:evoker_trap":2,"betterarcheology:artifact_shards":6,"minecraft:sand":245,"minecraft:jungle_planks":7,"minecraft:grass_block":1,"minecraft:mossy_cobblestone":12,"iceandfire:dragon_bone_block":4,"minecraft:sugar":4,"tconstruct:seared_basin":4,"minecraft:diamond":24,"iceandfire:dread_stone_bricks_mossy":10,"waystones:waystone":12,"iceandfire:dragon_ice":1,"minecraft:crossbow":4,"minecraft:bone_meal":1,"minecraft:golden_apple":1,"minecraft:emerald":34,"minecraft:oak_sapling":107,"minecraft:netherrack":23,"iceandfire:silver_nugget":26,"minecraft:cocoa_beans":26,"minecraft:charcoal":19,"minecraft:allium":46,"minecraft:azure_bluet":1,"minecraft:chicken":17,"minecraft:ladder":1,"minecraft:rabbit_stew":10,"iceandfire:fire_lily":3,"minecraft:brown_mushroom":3,"tconstruct:skyroot_log":4,"minecraft:wooden_pickaxe":1,"iceandfire:chain":1,"minecraft:gold_block":8,"minecraft:chain":5,"minecraft:moss_carpet":1,"minecraft:iron_axe":1,"minecraft:blackstone":11,"biomesoplenty:black_sand":10,"minecraft:observer":1,"tconstruct:dagger":4,"minecraft:lectern":2,"biomesoplenty:wildflower":6,"minecraft:sugar_cane":13,"crittersandcompanions:clam":2,"iceandfire:ice_dragon_heart":1,"minecraft:raw_iron":61,"iceandfire:dragonbone":283,"iceandfire:dragonscales_green":8,"minecraft:music_disc_relic":1,"minecraft:copper_ingot":11,"minecraft:note_block":1,"biomesoplenty:wilted_lily":11,"minecraft:cookie":6,"minecraft:dark_oak_planks":20,"minecraft:arrow":50,"iceandfire:silver_ingot":8,"iceandfire:sea_serpent_scales_purple":7,"tconstruct:seared_casting_tank":2,"minecraft:pumpkin_pie":7,"biomesoplenty:willow_sapling":2,"crittersandcompanions:silk":11,"alexscaves:spelunkery_table":1,"minecraft:brick_stairs":3,"minecraft:skeleton_skull":9,"farmersdelight:rich_soil":3,"minecraft:glow_ink_sac":8,"minecraft:salmon":22,"minecraft:leather":21,"minecraft:mushroom_stew":1,"minecraft:gunpowder":29,"minecraft:chainmail_chestplate":3,"minecraft:cobblestone_wall":1,"iceandfire:ectoplasm":14,"iceandfire:dread_stone_bricks_cracked":39,"biomesoplenty:jacaranda_planks":4,"minecraft:yellow_bed":7,"iceandfire:dragonegg_gray":1,"minecraft:cobblestone_stairs":2,"minecraft:cooked_mutton":2,"minecraft:gray_carpet":2,"minecraft:iron_ingot":42,"minecraft:cooked_chicken":20,"iceandfire:fire_dragon_flesh":24,"iceandfire:crackled_cobblestone":24,"minecraft:book":84,"minecraft:scaffolding":1,"minecraft:oak_slab":2,"iceandfire:dragonegg_black":1,"minecraft:emerald_block":5,"minecraft:pumpkin":2,"minecraft:chiseled_stone_bricks":7,"minecraft:stone_brick_slab":3,"iceandfire:ash":44,"minecraft:dandelion":1,"minecraft:blast_furnace":5,"minecraft:white_bed":4,"minecraft:spider_eye":15,"minecraft:pumpkin_seeds":4,"minecraft:chainmail_leggings":4,"minecraft:damaged_anvil":1,"minecraft:black_wool":1,"farmersdelight:stove":1,"minecraft:coal":299,"minecraft:wooden_axe":1},"minecraft:custom":{"minecraft:interact_with_crafting_table":134,"minecraft:open_barrel":76,"minecraft:leave_game":12,"minecraft:time_since_death":74201,"minecraft:play_time":1422722,"minecraft:deaths":87,"minecraft:jump":17900,"minecraft:interact_with_furnace":41,"minecraft:traded_with_villager":1496,"minecraft:sleep_in_bed":41,"minecraft:damage_dealt":55731,"waystones:waystone_activated":16,"minecraft:inspect_dispenser":1,"minecraft:interact_with_smithing_table":1,"minecraft:interact_with_anvil":4,"minecraft:inspect_hopper":1,"minecraft:sneak_time":58609,"minecraft:interact_with_lectern":6,"minecraft:total_world_time":1422722,"minecraft:tune_noteblock":1,"minecraft:time_since_rest":74235,"minecraft:swim_one_cm":205138,"minecraft:fly_one_cm":4289416,"minecraft:open_chest":1039,"minecraft:fall_one_cm":455945,"minecraft:sprint_one_cm":2110669,"minecraft:drop":393,"minecraft:play_noteblock":3,"minecraft:talked_to_villager":75,"minecraft:interact_with_brewingstand":1,"minecraft:walk_on_water_one_cm":210834,"minecraft:interact_with_loom":19,"minecraft:crouch_one_cm":167617,"minecraft:mob_kills":453,"minecraft:climb_one_cm":5355,"minecraft:walk_one_cm":2819375,"minecraft:walk_under_water_one_cm":137218,"minecraft:boat_one_cm":5178,"minecraft:raid_trigger":1,"minecraft:damage_taken":2147483647,"minecraft:damage_absorbed":199,"minecraft:trigger_trapped_chest":4},"minecraft:crafted":{"minecraft:jungle_button":1,"travelersbackpack:magnet_upgrade":1,"minecraft:smooth_stone":192,"minecraft:oak_sign":33,"iceandfire:dragonarmor_iron_head":1,"globalxp:xp_block":1,"iceandfire:armor_copper_boots":1,"iceandfire:stymphalian_bird_feather":132,"minecraft:diamond_shovel":1,"minecraft:cooked_mutton":12,"minecraft:iron_bars":16,"iceandfire:pixie_dust":50,"minecraft:glass":32,"minecraft:diamond_helmet":2,"minecraft:diamond_leggings":2,"biomesoplenty:jacaranda_trapdoor":4,"minecraft:glass_bottle":63,"minecraft:emerald":1262,"minecraft:diamond_axe":1,"minecraft:smithing_table":1,"minecraft:copper_ingot":55,"minecraft:fletching_table":1,"betterarcheology:diamond_brush":1,"minecraft:iron_pickaxe":3,"minecraft:iron_block":31,"minecraft:gold_ingot":351,"iceandfire:dragon_horn":1,"minecraft:composter":3,"minecraft:rabbit_stew":10,"minecraft:smooth_stone_slab":6,"iceandfire:dragon_bone_wall":1,"iceandfire:dragonarmor_iron_body":1,"iceandfire:dragon_flute":1,"minecraft:bone_meal":447,"betterarcheology:villager_fossil":1,"travelersbackpack:blank_upgrade":8,"travelersbackpack:gold_tier_upgrade":1,"travelersbackpack:feeding_upgrade":1,"minecraft:stone_pickaxe":7,"minecraft:diamond_boots":2,"minecraft:jungle_fence":21,"iceandfire:chain":1,"minecraft:wheat":171,"iceandfire:dragonbone_sword":1,"biomesoplenty:dead_planks":12,"minecraft:crossbow":18,"another_furniture:jungle_chair":3,"minecraft:deepslate_brick_slab":36,"iceandfire:sea_serpent_fang":3,"minecraft:enchanted_book":1,"biomesoplenty:dead_slab":6,"minecraft:wooden_axe":1,"minecraft:iron_shovel":9,"minecraft:iron_leggings":2,"biomesoplenty:fir_button":40,"minecraft:white_bed":3,"minecraft:note_block":1,"iceandfire:dragonforge_fire_brick":12,"iceandfire:dragonarmor_iron_neck":1,"minecraft:oak_planks":652,"minecraft:barrel":4,"minecraft:dark_oak_boat":1,"minecraft:cooked_chicken":647,"iceandfire:ghost_sword":1,"iceandfire:lectern":1,"iceandfire:shiny_scales":20,"minecraft:cobblestone_stairs":20,"minecraft:stone":198,"minecraft:hopper":12,"minecraft:bow":9,"minecraft:iron_boots":12,"minecraft:raw_copper":36,"iceandfire:dragonscale_copper":13,"minecraft:chest":31,"minecraft:oak_button":67,"minecraft:rail":16,"minecraft:stone_bricks":4,"iceandfire:manuscript":152,"minecraft:oak_slab":66,"travelersbackpack:iron_tier_upgrade":1,"minecraft:arrow":544,"biomesoplenty:jacaranda_planks":144,"minecraft:crafting_table":9,"iceandfire:blindfold":1,"minecraft:spruce_planks":16,"minecraft:wooden_pickaxe":3,"minecraft:iron_helmet":2,"minecraft:gold_block":92,"minecraft:birch_planks":8,"iceandfire:armor_copper_leggings":1,"iceandfire:dragonbone_bow":1,"biomesoplenty:fir_planks":112,"minecraft:dispenser":1,"iceandfire:armor_copper_chestplate":1,"minecraft:iron_chestplate":2,"minecraft:diamond_pickaxe":2,"minecraft:stick":528,"minecraft:iron_ingot":81,"minecraft:stone_sword":1,"biomesoplenty:dead_button":9,"minecraft:redstone_torch":2,"iceandfire:dragonforge_fire_core_disabled":1,"minecraft:deepslate_bricks":104,"iceandfire:armor_copper_helmet":1,"minecraft:coal":9,"iceandfire:dragon_stick":1,"minecraft:furnace":1,"alexscaves:cave_map":1,"minecraft:oak_trapdoor":2,"minecraft:polished_deepslate":104,"minecraft:iron_hoe":1,"iceandfire:dragon_bone_block":8,"travelersbackpack:diamond_tier_upgrade":1,"minecraft:cooked_beef":16,"iceandfire:dragonscale_red":15,"iceandfire:dragon_meal":98,"minecraft:powered_rail":6,"minecraft:cooked_salmon":64,"minecraft:bucket":7,"minecraft:stone_axe":12,"minecraft:bread":66,"minecraft:air":0,"minecraft:jungle_planks":64,"minecraft:oak_boat":2,"iceandfire:bestiary":1,"minecraft:raw_gold":18,"iceandfire:dragonforge_lightning_brick":8,"iceandfire:dragonforge_lightning_core_disabled":1,"iceandfire:dragonarmor_iron_tail":1,"minecraft:torch":92,"minecraft:diamond_chestplate":2},"minecraft:broken":{"minecraft:diamond_helmet":1,"minecraft:iron_boots":1,"minecraft:iron_chestplate":1,"minecraft:iron_leggings":1,"minecraft:diamond_shovel":1,"minecraft:diamond_pickaxe":1,"minecraft:stone_sword":1,"minecraft:iron_pickaxe":5,"minecraft:iron_helmet":1,"minecraft:iron_shovel":7,"minecraft:stone_pickaxe":4,"minecraft:diamond_boots":1,"minecraft:diamond_chestplate":1},"minecraft:killed_by":{"iceandfire:dread_knight":1,"iceandfire:gorgon":5,"minecraft:skeleton":1,"iceandfire:lightning_dragon":2}},"DataVersion":3465}