{"stats":{"minecraft:killed_by":{"scguns:sky_carrier":1,"hordes:zombie_player":2,"minecraft:zombie":5},"minecraft:crafted":{"minecraft:cherry_planks":24,"minecraft:smooth_stone":27,"minecraft:smooth_stone_slab":6,"minecraft:lightning_rod":2,"toughasnails:empty_iron_canteen":1,"minecraft:furnace":10,"minecraft:blast_furnace":3,"minecraft:stone":36,"quark:cherry_chest":11,"toughasnails:empty_leather_canteen":1,"travelersbackpack:blank_upgrade":4,"travelersbackpack:gold_tier_upgrade":1,"minecraft:flint_and_steel":1,"minecraft:cooked_mutton":5,"minecraft:glass":28,"travelersbackpack:white_sleeping_bag":1,"minecraft:polished_diorite":8,"minecraft:iron_axe":1,"minecraft:stone_pickaxe":1,"minecraft:chest":1,"scguns:gun_bench":1,"minecraft:copper_block":4,"minecraft:redstone_block":1,"quark:spruce_chest":2,"scguns:macerator":1,"minecraft:cooked_beef":24,"travelersbackpack:iron_tier_upgrade":1,"minecraft:crafting_table":9,"minecraft:spruce_planks":76,"travelersbackpack:standard":1,"travelersbackpack:backpack_tank":4,"toughasnails:empty_diamond_canteen":1,"minecraft:wooden_pickaxe":2,"minecraft:iron_sword":1,"minecraft:smithing_table":1,"minecraft:copper_ingot":19,"minecraft:bucket":2,"minecraft:birch_planks":24,"scguns:anthralite_ingot":42,"minecraft:air":0,"scguns:lightning_battery":3,"minecraft:charcoal":2,"minecraft:diamond_pickaxe":1,"toughasnails:water_purifier":1,"scguns:mechanical_press":1,"scguns:blank_mold":1,"minecraft:stick":40,"minecraft:iron_ingot":38,"minecraft:iron_pickaxe":2,"minecraft:wooden_axe":2,"minecraft:iron_block":1,"minecraft:gold_ingot":7,"minecraft:polished_diorite_stairs":4},"minecraft:mined":{"minecraft:spruce_planks":2,"minecraft:deepslate_diamond_ore":3,"minecraft:cherry_log":22,"minecraft:granite":13,"gravestone:gravestone":1,"minecraft:grass_block":10,"minecraft:spruce_fence":1,"travelersbackpack:white_sleeping_bag":1,"minecraft:moss_block":1,"scguns:mechanical_press":2,"minecraft:spawner":4,"minecraft:large_fern":1,"minecraft:redstone_ore":2,"minecraft:furnace":5,"minecraft:iron_ore":26,"minecraft:barrel":1,"minecraft:cobbled_deepslate":2,"minecraft:deepslate_lapis_ore":4,"minecraft:deepslate_iron_ore":12,"scguns:phosphorite":1,"scguns:deepslate_sulfur_ore":29,"minecraft:stone":242,"minecraft:orange_bed":1,"minecraft:deepslate_redstone_ore":6,"toughasnails:water_purifier":3,"minecraft:powder_snow":12,"minecraft:clay":1,"travelersbackpack:standard":3,"minecraft:crafting_table":3,"minecraft:calcite":37,"minecraft:copper_ore":7,"minecraft:cobblestone":29,"minecraft:deepslate_gold_ore":7,"scguns:gun_bench":1,"minecraft:diorite":149,"minecraft:blue_bed":1,"minecraft:wall_torch":4,"minecraft:pink_petals":1,"minecraft:polished_diorite_stairs":2,"minecraft:birch_log":6,"minecraft:spruce_log":5,"minecraft:grass":5,"scguns:deepslate_anthralite_ore":39,"minecraft:coal_ore":68,"minecraft:acacia_fence":2,"minecraft:cherry_leaves":2,"minecraft:gravel":12,"minecraft:dirt":15,"minecraft:sand":41,"toughasnails:thermoregulator":3,"minecraft:cobweb":28,"scguns:lightning_battery":1,"travelersbackpack:gold":2,"minecraft:stonecutter":1,"scguns:anthralite_ore":3,"minecraft:oak_leaves":4,"minecraft:deepslate":22,"scguns:sulfur_ore":2},"minecraft:broken":{"toughasnails:leather_water_canteen":7,"minecraft:iron_sword":1,"minecraft:iron_pickaxe":2,"toughasnails:iron_water_canteen":1},"minecraft:killed":{"hordes:zombie_player":5,"scguns:supply_scamp":1,"mozombies_wave:zombie_pa":1,"minecraft:drowned":1,"mozombies_wave:zombie_cyborg":1,"scguns:sky_carrier":1,"minecraft:zombie_villager":1,"minecraft:sheep":3,"minecraft:zombie":113,"minecraft:cow":19},"minecraft:dropped":{"minecraft:golden_boots":2,"minecraft:iron_ingot":17,"minecraft:iron_sword":1,"minecraft:moss_block":1,"minecraft:birch_planks":1,"minecraft:cooked_beef":30,"minecraft:diamond":2,"minecraft:cobblestone":36,"minecraft:leather":24,"minecraft:chest_minecart":1,"minecraft:granite":19,"minecraft:tropical_fish":12,"minecraft:rail":18,"travelersbackpack:standard":1,"scguns:phosphorite":1,"minecraft:stick":5,"minecraft:wooden_axe":2,"minecraft:iron_leggings":1,"gravestone:obituary":2,"minecraft:sand":1,"minecraft:gold_ingot":1,"minecraft:moss_carpet":1,"minecraft:iron_nugget":37,"minecraft:cobbled_deepslate":11,"minecraft:netherite_sword":1,"minecraft:rotten_flesh":245,"minecraft:clay_ball":4,"minecraft:carrot":1,"scguns:gun_bench":1,"minecraft:potato":21,"minecraft:stone":1,"minecraft:gunpowder":12,"minecraft:beetroot_seeds":4,"minecraft:golden_leggings":1,"minecraft:spruce_log":151,"minecraft:stone_pickaxe":1,"minecraft:wooden_pickaxe":6},"minecraft:used":{"toughasnails:thermoregulator":3,"minecraft:netherite_sword":77,"toughasnails:water_purifier":4,"minecraft:spruce_planks":4,"minecraft:stone":1,"minecraft:iron_sword":239,"minecraft:rotten_flesh":5,"minecraft:orange_bed":1,"minecraft:torch":29,"quark:cherry_chest":11,"minecraft:dirt":17,"minecraft:mutton":1,"toughasnails:empty_iron_canteen":2,"minecraft:spruce_fence":1,"minecraft:wooden_axe":32,"minecraft:lava_bucket":2,"travelersbackpack:gold":7,"scguns:mechanical_press":3,"minecraft:iron_axe":104,"scguns:lightning_battery":4,"toughasnails:leather_water_canteen":63,"minecraft:furnace":10,"minecraft:acacia_fence":2,"minecraft:polished_diorite_stairs":6,"minecraft:cooked_beef":34,"minecraft:cobbled_deepslate":6,"toughasnails:empty_leather_canteen":8,"minecraft:cooked_mutton":5,"minecraft:water_bucket":4,"minecraft:diorite":19,"scguns:gun_bench":1,"minecraft:birch_planks":1,"minecraft:stone_pickaxe":51,"minecraft:stonecutter":1,"minecraft:wooden_pickaxe":13,"minecraft:crafting_table":12,"scguns:macerator":1,"toughasnails:diamond_water_canteen":11,"minecraft:lightning_rod":1,"minecraft:diamond_pickaxe":4,"minecraft:bread":16,"minecraft:iron_pickaxe":660,"travelersbackpack:white_sleeping_bag":1,"toughasnails:empty_diamond_canteen":1,"minecraft:gravel":9,"minecraft:diamond_sword":6,"travelersbackpack:standard":7,"minecraft:cobblestone":78,"minecraft:smithing_table":1,"minecraft:bucket":8,"toughasnails:iron_water_canteen":21},"minecraft:custom":{"minecraft:interact_with_smithing_table":3,"minecraft:mob_kills":146,"minecraft:interact_with_crafting_table":50,"minecraft:open_barrel":3,"minecraft:damage_dealt_resisted":82,"minecraft:leave_game":9,"minecraft:time_since_death":152596,"minecraft:climb_one_cm":341,"minecraft:sprint_one_cm":475675,"minecraft:walk_one_cm":379994,"minecraft:drop":62,"minecraft:talked_to_villager":3,"minecraft:play_time":241056,"minecraft:deaths":11,"minecraft:sneak_time":17231,"minecraft:walk_under_water_one_cm":17139,"minecraft:jump":1689,"minecraft:walk_on_water_one_cm":31850,"minecraft:total_world_time":241056,"minecraft:interact_with_furnace":56,"minecraft:interact_with_stonecutter":1,"minecraft:sleep_in_bed":9,"minecraft:time_since_rest":30731,"minecraft:waystone_activated":2,"minecraft:damage_taken":4689,"minecraft:damage_dealt":22674,"minecraft:swim_one_cm":22982,"minecraft:fly_one_cm":285023,"minecraft:open_chest":111,"minecraft:crouch_one_cm":54251,"minecraft:fall_one_cm":38417},"minecraft:picked_up":{"minecraft:wooden_axe":2,"minecraft:crafting_table":3,"minecraft:clay_ball":4,"minecraft:chest_minecart":2,"minecraft:wooden_pickaxe":6,"minecraft:acacia_pressure_plate":1,"gravestone:obituary":1,"scguns:raw_anthralite":48,"minecraft:string":43,"minecraft:moss_carpet":1,"minecraft:raw_copper":50,"minecraft:iron_axe":1,"minecraft:iron_leggings":7,"minecraft:cobbled_deepslate":24,"minecraft:spruce_planks":27,"toughasnails:thermoregulator":3,"minecraft:beef":63,"minecraft:calcite":37,"scguns:ancient_brass":6,"minecraft:iron_nugget":98,"minecraft:iron_pickaxe":4,"minecraft:enchanted_golden_apple":2,"minecraft:phantom_membrane":9,"minecraft:iron_boots":4,"minecraft:furnace":7,"minecraft:stick":33,"minecraft:raw_iron":72,"minecraft:acacia_fence":2,"minecraft:copper_ingot":50,"minecraft:torch":8,"minecraft:note_block":2,"minecraft:spruce_fence":1,"minecraft:cherry_log":22,"minecraft:diorite":148,"scguns:lightning_battery":1,"minecraft:carrot":3,"minecraft:redstone":45,"minecraft:golden_chestplate":1,"minecraft:orange_bed":1,"minecraft:rotten_flesh":574,"minecraft:tropical_fish":13,"minecraft:beetroot_seeds":8,"minecraft:gold_ingot":4,"minecraft:glow_berries":6,"minecraft:mutton":11,"minecraft:rail":35,"minecraft:white_wool":9,"minecraft:cobblestone":364,"minecraft:birch_log":6,"minecraft:pink_petals":3,"minecraft:cooked_beef":75,"minecraft:water_bucket":1,"minecraft:leather":92,"minecraft:golden_leggings":2,"minecraft:potato":51,"minecraft:birch_planks":7,"scguns:phosphorite":3,"minecraft:flint":2,"scguns:compact_advanced_round":5,"minecraft:golden_boots":3,"minecraft:gunpowder":86,"minecraft:lapis_lazuli":29,"minecraft:dirt":38,"minecraft:blue_bed":1,"scguns:anthralite_nugget":1,"scguns:treated_iron_blend":4,"minecraft:cooked_mutton":6,"scguns:powder_and_ball":90,"minecraft:glass":14,"minecraft:bone":72,"minecraft:stonecutter":1,"minecraft:wheat_seeds":3,"minecraft:raw_gold":8,"minecraft:iron_ingot":62,"minecraft:stone_pickaxe":4,"scguns:sulfur_chunk":89,"travelersbackpack:gold":5,"minecraft:moss_block":1,"minecraft:iron_sword":3,"scguns:advanced_round":1,"toughasnails:thermometer":1,"minecraft:gravel":10,"minecraft:sand":42,"toughasnails:empty_leather_canteen":2,"minecraft:spruce_log":41,"minecraft:barrel":1,"minecraft:spider_eye":7,"travelersbackpack:white_sleeping_bag":1,"scguns:mechanical_press":2,"minecraft:polished_diorite_stairs":2,"travelersbackpack:standard":5,"toughasnails:water_purifier":3,"minecraft:slime_ball":9,"minecraft:diamond":11,"scguns:gun_bench":5,"minecraft:granite":32,"minecraft:cherry_sapling":7,"minecraft:bread":10,"minecraft:emerald":9,"minecraft:oak_sapling":21,"minecraft:coal":179,"minecraft:ender_pearl":12}},"DataVersion":3465}