{"stats":{"minecraft:killed_by":{"minecraft:zombie":1},"minecraft:crafted":{"minecraft:glass":12,"minecraft:stick":4,"minecraft:wooden_pickaxe":1,"minecraft:iron_sword":1,"minecraft:white_bed":1,"minecraft:copper_ingot":64},"minecraft:mined":{"minecraft:birch_log":13,"minecraft:birch_leaves":1,"minecraft:grass":4,"minecraft:cobblestone":3,"minecraft:stone":9},"minecraft:dropped":{"minecraft:wooden_pickaxe":1},"minecraft:killed":{"minecraft:sheep":4,"minecraft:zombie":15,"minecraft:creeper":2},"minecraft:used":{"minecraft:wooden_pickaxe":20,"minecraft:iron_sword":37,"scguns:flintlock_pistol":10,"minecraft:cobblestone":1,"minecraft:birch_log":4,"minecraft:white_bed":1,"toughasnails:iron_water_canteen":15},"minecraft:custom":{"minecraft:time_since_rest":25826,"minecraft:interact_with_smithing_table":1,"minecraft:interact_with_furnace":9,"minecraft:sprint_one_cm":36266,"minecraft:damage_taken":295,"minecraft:walk_one_cm":102602,"minecraft:mob_kills":21,"minecraft:drop":1,"minecraft:damage_dealt":2409,"minecraft:interact_with_crafting_table":4,"minecraft:fly_one_cm":26072,"minecraft:open_barrel":1,"minecraft:open_chest":29,"minecraft:crouch_one_cm":590,"minecraft:play_time":36633,"minecraft:deaths":1,"minecraft:sneak_time":84,"minecraft:jump":134,"minecraft:time_since_death":25696,"minecraft:walk_on_water_one_cm":934,"minecraft:total_world_time":36633,"minecraft:fall_one_cm":3604},"minecraft:picked_up":{"minecraft:birch_log":13,"minecraft:stick":4,"minecraft:torch":1,"minecraft:wooden_pickaxe":1,"scguns:flintlock_pistol":1,"scguns:powder_and_ball":67,"toughasnails:iron_water_canteen":1,"minecraft:mutton":5,"minecraft:white_wool":4,"minecraft:cobblestone":12}},"DataVersion":3465}