{"stats":{"minecraft:killed_by":{"minecraft:zombie":1},"minecraft:crafted":{"minecraft:glass":12,"travelersbackpack:iron":1,"travelersbackpack:white_sleeping_bag":1,"travelersbackpack:crafting_upgrade":1,"minecraft:crafting_table":1,"minecraft:stick":4,"travelersbackpack:backpack_tank":2,"minecraft:wooden_pickaxe":1,"travelersbackpack:standard":1,"minecraft:chest":1,"minecraft:iron_sword":1,"minecraft:white_bed":1,"minecraft:copper_ingot":64,"minecraft:birch_planks":40,"minecraft:torch":12,"quark:cherry_chest":1,"travelersbackpack:gold_tier_upgrade":1,"minecraft:cooked_mutton":2},"minecraft:mined":{"minecraft:birch_log":26,"minecraft:birch_leaves":2,"minecraft:grass":4,"minecraft:cobblestone":3,"minecraft:stone":12},"minecraft:dropped":{"scguns:flintlock_pistol":1,"minecraft:wooden_pickaxe":1},"minecraft:killed":{"minecraft:sheep":5,"minecraft:zombie":20,"minecraft:creeper":2},"minecraft:used":{"minecraft:cooked_mutton":2,"minecraft:cherry_sapling":1,"minecraft:wooden_pickaxe":23,"minecraft:iron_sword":55,"scguns:flintlock_pistol":11,"minecraft:cobblestone":1,"travelersbackpack:standard":2,"minecraft:birch_log":7,"minecraft:white_bed":1,"travelersbackpack:iron":1,"toughasnails:iron_water_canteen":15},"minecraft:custom":{"minecraft:time_since_rest":15761,"minecraft:interact_with_smithing_table":4,"minecraft:interact_with_furnace":13,"minecraft:sprint_one_cm":50923,"minecraft:damage_taken":305,"minecraft:walk_one_cm":176207,"minecraft:mob_kills":27,"minecraft:drop":2,"minecraft:damage_dealt":3394,"minecraft:interact_with_crafting_table":15,"minecraft:fly_one_cm":29668,"minecraft:open_barrel":2,"minecraft:open_chest":54,"minecraft:crouch_one_cm":1638,"minecraft:play_time":60633,"minecraft:deaths":1,"minecraft:sneak_time":282,"minecraft:jump":191,"minecraft:time_since_death":49696,"minecraft:walk_on_water_one_cm":934,"minecraft:sleep_in_bed":1,"minecraft:total_world_time":60633,"minecraft:fall_one_cm":5042},"minecraft:picked_up":{"minecraft:birch_log":26,"minecraft:stick":5,"minecraft:torch":1,"minecraft:wooden_pickaxe":1,"scguns:flintlock_pistol":2,"scguns:powder_and_ball":67,"toughasnails:iron_water_canteen":1,"minecraft:cherry_sapling":4,"minecraft:black_wool":1,"minecraft:birch_sapling":2,"minecraft:mutton":7,"minecraft:white_wool":4,"minecraft:cobblestone":15}},"DataVersion":3465}