{"stats":{"minecraft:killed_by":{"minecraft:zombie":1},"minecraft:crafted":{"minecraft:white_bed":1,"minecraft:copper_ingot":64,"minecraft:wooden_pickaxe":1},"minecraft:mined":{"minecraft:grass":4,"minecraft:birch_log":13,"minecraft:birch_leaves":1},"minecraft:killed":{"minecraft:sheep":4},"minecraft:used":{"minecraft:birch_log":4,"minecraft:white_bed":1,"toughasnails:iron_water_canteen":15,"scguns:flintlock_pistol":5},"minecraft:custom":{"minecraft:interact_with_smithing_table":1,"minecraft:time_since_rest":13826,"minecraft:crouch_one_cm":533,"minecraft:play_time":24633,"minecraft:sprint_one_cm":35024,"minecraft:deaths":1,"minecraft:damage_taken":295,"minecraft:walk_one_cm":63109,"minecraft:sneak_time":78,"minecraft:mob_kills":4,"minecraft:jump":125,"minecraft:damage_dealt":521,"minecraft:walk_on_water_one_cm":934,"minecraft:time_since_death":13696,"minecraft:total_world_time":24633,"minecraft:interact_with_crafting_table":2,"minecraft:fall_one_cm":3604,"minecraft:fly_one_cm":26072,"minecraft:open_chest":19,"minecraft:interact_with_furnace":7},"minecraft:picked_up":{"minecraft:birch_log":13,"scguns:powder_and_ball":67,"minecraft:stick":4,"scguns:flintlock_pistol":1,"toughasnails:iron_water_canteen":1,"minecraft:torch":1,"minecraft:mutton":5,"minecraft:white_wool":4}},"DataVersion":3465}