{"stats":{"minecraft:killed_by":{"minecraft:zombie":1},"minecraft:mined":{"minecraft:grass":4,"minecraft:birch_log":13,"minecraft:birch_leaves":1},"minecraft:killed":{"minecraft:sheep":4},"minecraft:used":{"minecraft:birch_log":4,"toughasnails:iron_water_canteen":15},"minecraft:custom":{"minecraft:time_since_rest":1826,"minecraft:crouch_one_cm":340,"minecraft:play_time":12633,"minecraft:sprint_one_cm":34193,"minecraft:deaths":1,"minecraft:damage_taken":285,"minecraft:walk_one_cm":40826,"minecraft:sneak_time":48,"minecraft:mob_kills":4,"minecraft:jump":123,"minecraft:damage_dealt":503,"minecraft:walk_on_water_one_cm":934,"minecraft:time_since_death":1696,"minecraft:total_world_time":12633,"minecraft:fall_one_cm":3269,"minecraft:fly_one_cm":25431},"minecraft:picked_up":{"minecraft:birch_log":13,"minecraft:stick":2,"toughasnails:iron_water_canteen":1,"minecraft:torch":1,"minecraft:mutton":5,"minecraft:white_wool":4}},"DataVersion":3465}