{"stats":{"minecraft:dropped":{"toughasnails:leather_water_canteen":1,"scguns:compact_copper_round":16,"scguns:handcannon":1,"scguns:flintlock_pistol":1,"minecraft:wooden_pickaxe":1},"minecraft:broken":{"minecraft:leather_leggings":1,"minecraft:iron_pickaxe":1},"minecraft:mined":{"gravestone:gravestone":1,"minecraft:crafting_table":1,"minecraft:torch":4,"minecraft:granite":18,"minecraft:copper_ore":31,"minecraft:cobblestone":4,"minecraft:birch_log":26,"minecraft:iron_ore":19,"minecraft:birch_leaves":2,"minecraft:andesite":8,"minecraft:grass":4,"minecraft:coal_ore":38,"minecraft:gravel":22,"minecraft:sand":48,"minecraft:stone":135,"scguns:anthralite_ore":2,"scguns:sulfur_ore":10},"minecraft:killed":{"mozombies_wave:zombie_chef":1,"minecraft:creeper":5,"mozombies_wave:zombie_miner":1,"minecraft:sheep":5,"scguns:redcoat":1,"minecraft:zombie":44},"minecraft:used":{"minecraft:cooked_mutton":2,"minecraft:cherry_sapling":1,"minecraft:iron_shovel":70,"minecraft:ender_pearl":1,"minecraft:wooden_pickaxe":23,"minecraft:iron_sword":107,"minecraft:cobblestone_slab":9,"minecraft:torch":13,"minecraft:crafting_table":1,"minecraft:white_bed":1,"travelersbackpack:iron":4,"scguns:handcannon":5,"minecraft:bread":2,"minecraft:iron_axe":1,"minecraft:iron_pickaxe":250,"scguns:flintlock_pistol":48,"scguns:blunderbuss":7,"minecraft:gravel":22,"minecraft:cobblestone":76,"toughasnails:leather_water_canteen":12,"travelersbackpack:standard":2,"minecraft:birch_log":7,"toughasnails:iron_water_canteen":15},"minecraft:killed_by":{"minecraft:creeper":1,"minecraft:zombie":1},"minecraft:custom":{"minecraft:interact_with_smithing_table":5,"minecraft:interact_with_furnace":40,"minecraft:mob_kills":62,"minecraft:interact_with_crafting_table":44,"minecraft:open_barrel":9,"minecraft:damage_dealt_resisted":63,"minecraft:leave_game":4,"minecraft:time_since_death":35121,"minecraft:sleep_in_bed":2,"minecraft:time_since_rest":3892,"minecraft:waystone_activated":1,"minecraft:sprint_one_cm":65442,"minecraft:damage_taken":816,"minecraft:walk_one_cm":315944,"minecraft:drop":5,"minecraft:damage_dealt":5951,"minecraft:fly_one_cm":39166,"minecraft:open_chest":119,"minecraft:crouch_one_cm":4298,"minecraft:play_time":143947,"minecraft:deaths":2,"minecraft:sneak_time":847,"minecraft:walk_under_water_one_cm":141,"minecraft:jump":401,"minecraft:walk_on_water_one_cm":2714,"minecraft:total_world_time":143947,"minecraft:fall_one_cm":8523},"minecraft:crafted":{"minecraft:cobblestone_slab":18,"travelersbackpack:iron":1,"scguns:gun_grip":2,"travelersbackpack:crafting_upgrade":1,"minecraft:crafting_table":2,"travelersbackpack:backpack_tank":2,"minecraft:wooden_pickaxe":1,"travelersbackpack:standard":1,"minecraft:iron_sword":1,"minecraft:copper_ingot":161,"minecraft:stone":49,"minecraft:birch_planks":40,"scguns:anthralite_ingot":2,"quark:cherry_chest":1,"travelersbackpack:gold_tier_upgrade":1,"minecraft:cooked_mutton":2,"minecraft:glass":12,"travelersbackpack:white_sleeping_bag":1,"minecraft:iron_axe":1,"minecraft:stick":32,"minecraft:iron_ingot":19,"minecraft:iron_pickaxe":1,"minecraft:iron_block":2,"minecraft:chest":1,"minecraft:iron_shovel":1,"minecraft:white_bed":1,"minecraft:torch":12,"scguns:stone_gun_barrel":6},"minecraft:picked_up":{"minecraft:birch_log":26,"minecraft:crafting_table":1,"minecraft:andesite":8,"minecraft:wooden_pickaxe":1,"minecraft:flint":2,"scguns:pebbles":3,"scguns:raw_anthralite":2,"minecraft:raw_copper":97,"scguns:small_copper_casing":1,"scguns:powder_and_ball":67,"minecraft:bone":1,"toughasnails:iron_water_canteen":1,"scguns:grapeshot":16,"minecraft:iron_ingot":2,"scguns:sulfur_chunk":26,"minecraft:birch_sapling":2,"minecraft:stick":5,"minecraft:raw_iron":19,"minecraft:torch":3,"minecraft:gravel":19,"minecraft:sand":48,"minecraft:porkchop":1,"toughasnails:leather_water_canteen":1,"scguns:flintlock_pistol":2,"scguns:handcannon":1,"minecraft:rotten_flesh":11,"minecraft:granite":18,"minecraft:cherry_sapling":4,"minecraft:bread":21,"minecraft:black_wool":1,"minecraft:mutton":7,"minecraft:coal":38,"minecraft:white_wool":4,"minecraft:cobblestone":134}},"DataVersion":3465}