{"stats":{"minecraft:killed_by":{"minecraft:zombie":1},"minecraft:crafted":{"minecraft:glass":12,"travelersbackpack:iron":1,"travelersbackpack:white_sleeping_bag":1,"minecraft:stick":4,"travelersbackpack:backpack_tank":2,"minecraft:wooden_pickaxe":1,"travelersbackpack:standard":1,"minecraft:chest":1,"minecraft:iron_sword":1,"minecraft:white_bed":1,"minecraft:copper_ingot":64,"minecraft:torch":12,"quark:cherry_chest":1},"minecraft:mined":{"minecraft:birch_log":13,"minecraft:birch_leaves":1,"minecraft:grass":4,"minecraft:cobblestone":3,"minecraft:stone":12},"minecraft:dropped":{"scguns:flintlock_pistol":1,"minecraft:wooden_pickaxe":1},"minecraft:killed":{"minecraft:sheep":4,"minecraft:zombie":15,"minecraft:creeper":2},"minecraft:used":{"minecraft:wooden_pickaxe":23,"minecraft:iron_sword":37,"scguns:flintlock_pistol":10,"minecraft:cobblestone":1,"travelersbackpack:standard":2,"minecraft:birch_log":4,"minecraft:white_bed":1,"travelersbackpack:iron":1,"toughasnails:iron_water_canteen":15},"minecraft:custom":{"minecraft:time_since_rest":3761,"minecraft:interact_with_smithing_table":1,"minecraft:interact_with_furnace":10,"minecraft:sprint_one_cm":36266,"minecraft:damage_taken":295,"minecraft:walk_one_cm":113354,"minecraft:mob_kills":21,"minecraft:drop":2,"minecraft:damage_dealt":2409,"minecraft:interact_with_crafting_table":10,"minecraft:fly_one_cm":26072,"minecraft:open_barrel":1,"minecraft:open_chest":48,"minecraft:crouch_one_cm":590,"minecraft:play_time":48633,"minecraft:deaths":1,"minecraft:sneak_time":84,"minecraft:jump":140,"minecraft:time_since_death":37696,"minecraft:walk_on_water_one_cm":934,"minecraft:sleep_in_bed":1,"minecraft:total_world_time":48633,"minecraft:fall_one_cm":3604},"minecraft:picked_up":{"minecraft:birch_log":13,"minecraft:stick":4,"minecraft:torch":1,"minecraft:wooden_pickaxe":1,"scguns:flintlock_pistol":2,"scguns:powder_and_ball":67,"toughasnails:iron_water_canteen":1,"minecraft:mutton":5,"minecraft:white_wool":4,"minecraft:cobblestone":15}},"DataVersion":3465}