{"stats":{"minecraft:killed_by":{"minecraft:zombie":1},"minecraft:crafted":{"travelersbackpack:iron":1,"minecraft:cobblestone_slab":18,"travelersbackpack:crafting_upgrade":1,"minecraft:crafting_table":2,"travelersbackpack:backpack_tank":2,"minecraft:wooden_pickaxe":1,"travelersbackpack:standard":1,"minecraft:iron_sword":1,"minecraft:copper_ingot":64,"minecraft:birch_planks":40,"quark:cherry_chest":1,"travelersbackpack:gold_tier_upgrade":1,"minecraft:cooked_mutton":2,"minecraft:glass":12,"travelersbackpack:white_sleeping_bag":1,"minecraft:iron_axe":1,"minecraft:stick":32,"minecraft:iron_pickaxe":1,"minecraft:chest":1,"minecraft:iron_shovel":1,"minecraft:white_bed":1,"minecraft:torch":12},"minecraft:mined":{"minecraft:crafting_table":1,"minecraft:granite":17,"minecraft:cobblestone":3,"minecraft:copper_ore":26,"minecraft:birch_log":26,"minecraft:iron_ore":11,"minecraft:birch_leaves":2,"minecraft:andesite":8,"minecraft:grass":4,"minecraft:coal_ore":18,"minecraft:stone":98,"scguns:sulfur_ore":10},"minecraft:dropped":{"scguns:flintlock_pistol":1,"minecraft:wooden_pickaxe":1},"minecraft:killed":{"minecraft:creeper":2,"minecraft:sheep":5,"minecraft:zombie":31},"minecraft:used":{"minecraft:cooked_mutton":2,"minecraft:cherry_sapling":1,"minecraft:wooden_pickaxe":23,"minecraft:iron_sword":87,"minecraft:torch":6,"minecraft:crafting_table":1,"minecraft:white_bed":1,"travelersbackpack:iron":4,"minecraft:iron_axe":1,"minecraft:iron_pickaxe":176,"scguns:flintlock_pistol":11,"minecraft:cobblestone":10,"toughasnails:leather_water_canteen":6,"travelersbackpack:standard":2,"minecraft:birch_log":7,"toughasnails:iron_water_canteen":15},"minecraft:custom":{"minecraft:interact_with_smithing_table":4,"minecraft:interact_with_furnace":19,"minecraft:mob_kills":38,"minecraft:interact_with_crafting_table":19,"minecraft:open_barrel":3,"minecraft:time_since_death":61696,"minecraft:sleep_in_bed":1,"minecraft:time_since_rest":27761,"minecraft:sprint_one_cm":51269,"minecraft:damage_taken":305,"minecraft:walk_one_cm":196515,"minecraft:drop":2,"minecraft:damage_dealt":4948,"minecraft:fly_one_cm":29668,"minecraft:open_chest":64,"minecraft:crouch_one_cm":1638,"minecraft:play_time":72633,"minecraft:deaths":1,"minecraft:sneak_time":302,"minecraft:jump":205,"minecraft:walk_on_water_one_cm":934,"minecraft:total_world_time":72633,"minecraft:fall_one_cm":5042},"minecraft:picked_up":{"minecraft:birch_log":26,"minecraft:crafting_table":1,"minecraft:andesite":8,"minecraft:wooden_pickaxe":1,"minecraft:raw_copper":76,"scguns:powder_and_ball":67,"toughasnails:iron_water_canteen":1,"scguns:sulfur_chunk":26,"minecraft:birch_sapling":2,"minecraft:stick":5,"minecraft:raw_iron":10,"minecraft:torch":1,"scguns:flintlock_pistol":2,"minecraft:granite":17,"minecraft:cherry_sapling":4,"minecraft:black_wool":1,"minecraft:mutton":7,"minecraft:coal":18,"minecraft:white_wool":4,"minecraft:cobblestone":89}},"DataVersion":3465}