{"stats":{"minecraft:used":{"farmersdelight:onion_crate":1,"minecraft:moss_carpet":3,"iceandfire:ghost_sword":221,"farmersdelight:cabbage_seeds":22,"minecraft:chest":10,"minecraft:shield":49,"minecraft:iron_sword":58,"tconstruct:sword":48,"minecraft:carrot":52,"minecraft:jungle_sapling":59,"minecraft:lantern":1,"iceandfire:ghost_chest":1,"tconstruct:seared_faucet":9,"tconstruct:seared_casting_tank":3,"minecraft:bow":81,"minecraft:oak_sapling":78,"minecraft:furnace":7,"minecraft:beetroot_seeds":10,"minecraft:egg":5,"minecraft:potato":1,"minecraft:dark_oak_sapling":13,"minecraft:oak_planks":16,"minecraft:stone_pickaxe":316,"minecraft:wooden_pickaxe":59,"minecraft:diamond_axe":1152,"farmersdelight:organic_compost":20,"minecraft:pumpkin_seeds":15,"minecraft:lever":3,"tconstruct:dagger":1,"iceandfire:lightning_dragon_flesh":1,"minecraft:bread":98,"minecraft:gravel":34,"tconstruct:tinkers_chest":1,"biomesoplenty:dried_salt":32,"minecraft:smithing_table":1,"minecraft:coarse_dirt":10,"minecraft:bone_meal":49,"tconstruct:plate_shield":14,"minecraft:stone_sword":261,"minecraft:stone_shovel":133,"farmersdelight:rich_soil":12,"minecraft:cooked_chicken":21,"simpletomb:grave_key":13,"minecraft:orange_bed":2,"minecraft:torch":419,"minecraft:dirt":6318,"minecraft:golden_chestplate":1,"tconstruct:seared_heater":2,"minecraft:iron_hoe":368,"minecraft:wooden_axe":105,"tconstruct:tinker_station":1,"minecraft:iron_boots":1,"minecraft:melon_seeds":4,"tconstruct:pickadze":8,"minecraft:diamond_chestplate":1,"travelersbackpack:sponge":2,"tconstruct:part_builder":1,"minecraft:cooked_beef":4,"farmersdelight:tomato_seeds":29,"minecraft:cobbled_deepslate":56,"biomesoplenty:dead_log":1,"tconstruct:copper_gauge":1,"minecraft:cooked_mutton":3,"minecraft:wheat_seeds":161,"minecraft:water_bucket":36,"tconstruct:modifier_worktable":2,"minecraft:cobblestone_stairs":3,"farmersdelight:onion":4,"minecraft:crafting_table":11,"tconstruct:seared_basin":1,"minecraft:spruce_log":200,"minecraft:smoker":3,"minecraft:oak_log":37,"minecraft:diamond_pickaxe":1211,"minecraft:diamond_shovel":5961,"tconstruct:seared_table":1,"minecraft:iron_pickaxe":368,"tconstruct:part_chest":1,"minecraft:spruce_sapling":25,"minecraft:stone_axe":86,"minecraft:cobblestone":1492,"tconstruct:seared_melter":4,"minecraft:cooked_porkchop":1,"minecraft:bucket":38,"minecraft:yellow_bed":1,"minecraft:wither_rose":1},"minecraft:dropped":{"crittersandcompanions:clam":1,"minecraft:cooked_beef":1,"minecraft:lantern":1,"minecraft:rail":2,"minecraft:dirt":4,"biomesoplenty:wilted_lily":2,"minecraft:iron_pickaxe":1,"minecraft:dark_oak_planks":20,"minecraft:white_wool":6,"minecraft:stone_axe":1,"iceandfire:ghost_sword":1,"minecraft:golden_chestplate":2,"minecraft:cobbled_deepslate":14,"minecraft:rotten_flesh":5,"minecraft:oak_planks":3,"tconstruct:pick_head":1,"tconstruct:pickadze":1,"minecraft:arrow":2,"minecraft:beef":13,"minecraft:glass":62,"tconstruct:dagger":1,"minecraft:water_bucket":1,"minecraft:bread":64,"minecraft:wheat_seeds":5,"minecraft:golden_helmet":1,"minecraft:mossy_cobblestone":1,"tconstruct:tool_handle":1,"minecraft:cobblestone":86,"minecraft:stick":11,"minecraft:torch":4,"iceandfire:lightning_lily":1,"biomesoplenty:dried_salt":4,"minecraft:tuff":28,"farmersdelight:cabbage_seeds":14,"minecraft:filled_map":1,"minecraft:shield":1,"minecraft:spider_eye":3,"minecraft:stone_pickaxe":2,"tconstruct:plate_shield":1},"minecraft:crafted":{"minecraft:oak_planks":492,"tconstruct:puny_smelting":1,"tconstruct:shield_core":1,"minecraft:cooked_chicken":10,"tconstruct:broad_blade":2,"minecraft:cobblestone_stairs":4,"tconstruct:pick_head":2,"tconstruct:tool_binding":2,"minecraft:lever":1,"minecraft:diamond_shovel":4,"minecraft:cooked_mutton":42,"tconstruct:seared_melter":1,"minecraft:glass":87,"minecraft:diamond_leggings":1,"minecraft:diamond_helmet":1,"tconstruct:adze_head":2,"minecraft:bow":2,"minecraft:iron_boots":1,"tconstruct:tinkers_chest":1,"tconstruct:broad_axe_head":1,"tconstruct:seared_brick":63,"minecraft:chest":9,"tconstruct:small_axe_head":1,"tconstruct:seared_casting_tank":1,"tconstruct:tough_handle":1,"tconstruct:tough_binding":1,"tconstruct:small_blade":3,"farmersdelight:tomato_seeds":18,"travelersbackpack:iron_tier_upgrade":1,"minecraft:emerald":111,"minecraft:arrow":128,"minecraft:cooked_porkchop":33,"minecraft:diamond_axe":1,"minecraft:crafting_table":3,"minecraft:spruce_planks":16,"travelersbackpack:standard":3,"minecraft:wooden_pickaxe":1,"tconstruct:modifier_worktable":1,"minecraft:iron_helmet":1,"tconstruct:blank_sand_cast":8,"tconstruct:tool_handle":5,"minecraft:copper_ingot":64,"minecraft:pumpkin_seeds":12,"tconstruct:tool_binding_sand_cast":2,"tconstruct:sword":2,"tconstruct:dagger":2,"minecraft:iron_chestplate":1,"minecraft:diamond_pickaxe":1,"minecraft:shield":2,"minecraft:stick":124,"minecraft:iron_ingot":235,"minecraft:iron_pickaxe":1,"minecraft:iron_block":108,"minecraft:stone_sword":2,"minecraft:gold_ingot":281,"tconstruct:seared_bricks":3,"tconstruct:large_plate":1,"tconstruct:copper_gauge":2,"tconstruct:pickaxe":2,"tconstruct:pattern":54,"tconstruct:bow_limb":1,"minecraft:stone_shovel":1,"minecraft:coal":45,"tconstruct:part_builder":1,"tconstruct:tool_handle_sand_cast":1,"minecraft:furnace":4,"tconstruct:repair_kit":1,"tconstruct:seared_basin":1,"minecraft:bone_meal":111,"travelersbackpack:gold_tier_upgrade":1,"minecraft:glass_pane":16,"tconstruct:tinker_station":1,"minecraft:iron_hoe":1,"tconstruct:seared_table":1,"minecraft:stone_pickaxe":3,"minecraft:diamond_boots":1,"tconstruct:copper_can":51,"minecraft:dark_oak_planks":32,"travelersbackpack:diamond_tier_upgrade":1,"minecraft:wheat":423,"minecraft:cooked_beef":25,"minecraft:red_dye":1,"tconstruct:bow_grip":1,"tconstruct:part_chest":1,"minecraft:iron_sword":1,"minecraft:bucket":2,"tconstruct:seared_fluid_cannon":1,"tconstruct:hammer_head":1,"minecraft:stone_axe":1,"tconstruct:pickadze":1,"minecraft:bread":162,"minecraft:air":0,"minecraft:jungle_planks":8,"tconstruct:seared_heater":1,"tconstruct:seared_ingot_gauge":2,"tconstruct:pick_head_sand_cast":1,"minecraft:wooden_axe":1,"tconstruct:seared_faucet":3,"minecraft:iron_leggings":1,"minecraft:torch":380,"tconstruct:grout":64,"minecraft:diamond_chestplate":2},"minecraft:picked_up":{"minecraft:iron_chestplate":2,"minecraft:wheat":97,"minecraft:chainmail_boots":1,"minecraft:lead":2,"minecraft:stone_slab":6,"alexscaves:cave_tablet":1,"minecraft:wither_rose":3,"minecraft:enchanted_book":2,"minecraft:stone_brick_stairs":8,"iceandfire:manuscript":8,"minecraft:string":75,"minecraft:raw_copper":152,"minecraft:iron_leggings":4,"minecraft:experience_bottle":4,"minecraft:beetroot":1,"minecraft:diamond_leggings":1,"minecraft:gold_nugget":1878,"minecraft:cobbled_deepslate":176,"farmersdelight:cabbage":2,"minecraft:rose_bush":54,"minecraft:cobblestone_slab":3,"minecraft:calcite":25,"minecraft:iron_pickaxe":1,"minecraft:melon_slice":21,"minecraft:coal_block":1,"iceandfire:ghost_sword":2,"farmersdelight:cabbage_seeds":20,"minecraft:furnace":3,"minecraft:iron_boots":1,"minecraft:golden_helmet":1,"iceandfire:ghost_chest":1,"minecraft:stick":318,"minecraft:torch":105,"minecraft:porkchop":33,"iceandfire:lightning_dragon_flesh":1,"tconstruct:seared_faucet":8,"minecraft:golden_chestplate":3,"minecraft:orange_bed":1,"iceandfire:lightning_lily":1,"minecraft:stone_sword":1,"minecraft:rotten_flesh":119,"farmersdelight:onion":4,"minecraft:obsidian":2,"minecraft:iron_bars":75,"minecraft:cobblestone":616,"farmersdelight:onion_crate":1,"minecraft:feather":41,"minecraft:cooked_beef":3,"biomesoplenty:dried_salt":252,"minecraft:jungle_log":1244,"minecraft:brown_wool":1,"minecraft:potato":2,"biomesoplenty:dead_log":1,"tconstruct:pick_head":1,"minecraft:flint":6,"minecraft:tuff":28,"minecraft:lantern":2,"minecraft:lapis_lazuli":34,"farmersdelight:tomato":25,"minecraft:dirt":5907,"minecraft:bone":91,"minecraft:glass":31,"minecraft:bow":2,"minecraft:wheat_seeds":301,"minecraft:raw_gold":39,"minecraft:mossy_stone_bricks":7,"minecraft:oak_planks":35,"minecraft:sand":1,"minecraft:ink_sac":3,"minecraft:grass_block":1,"minecraft:dark_oak_log":50,"minecraft:mossy_cobblestone":10,"iceandfire:chared_cobblestone":22,"minecraft:lever":2,"minecraft:diamond":20,"minecraft:granite":4,"minecraft:chainmail_helmet":1,"minecraft:emerald":43,"minecraft:oak_sapling":279,"iceandfire:raw_silver":18,"minecraft:coarse_dirt":35,"minecraft:crafting_table":11,"iceandfire:witherbone":8,"minecraft:chicken":22,"tconstruct:materials_and_you":1,"biomesoplenty:jacaranda_sapling":16,"minecraft:chain":4,"minecraft:shield":1,"minecraft:moss_carpet":3,"iceandfire:graveyard_soil":15,"minecraft:cracked_stone_bricks":40,"minecraft:beef":49,"minecraft:jungle_sapling":111,"biomesoplenty:wildflower":52,"minecraft:chest":13,"crittersandcompanions:clam":1,"tconstruct:modifier_worktable":1,"minecraft:egg":4,"minecraft:dark_oak_sapling":20,"minecraft:raw_iron":157,"biomesoplenty:wilted_lily":2,"farmersdelight:tomato_seeds":2,"minecraft:redstone":219,"minecraft:carrot":74,"travelersbackpack:sponge":1,"minecraft:stone_shovel":1,"minecraft:arrow":51,"biomesoplenty:jacaranda_log":19,"minecraft:peony":32,"minecraft:beetroot_seeds":5,"tconstruct:seared_casting_tank":2,"minecraft:hay_block":47,"crittersandcompanions:silk":4,"minecraft:mutton":84,"minecraft:skeleton_skull":3,"minecraft:rail":2,"minecraft:white_wool":34,"farmersdelight:rich_soil":18,"minecraft:mud_bricks":2,"minecraft:glow_ink_sac":3,"minecraft:salmon":2,"minecraft:leather":41,"tconstruct:copper_gauge":1,"minecraft:oak_log":533,"minecraft:golden_boots":1,"tconstruct:tool_handle":1,"minecraft:yellow_bed":1,"minecraft:gunpowder":24,"minecraft:cobblestone_stairs":6,"tconstruct:sky_slime_crystal_block":50,"minecraft:paper":1,"tconstruct:seared_brick":3,"farmersdelight:organic_compost":15,"minecraft:apple":33,"tconstruct:seared_heater":1,"minecraft:stone_bricks":35,"minecraft:iron_ingot":36,"minecraft:stone_pickaxe":2,"minecraft:cooked_chicken":13,"minecraft:cobweb":5,"iceandfire:chared_stone":24,"minecraft:pumpkin":4,"minecraft:chiseled_stone_bricks":11,"minecraft:stone_brick_slab":17,"minecraft:gravel":54,"minecraft:spruce_sapling":26,"minecraft:spruce_log":209,"minecraft:spruce_door":1,"minecraft:spider_eye":7,"minecraft:stone_axe":1,"minecraft:chainmail_leggings":1,"minecraft:iron_helmet":1,"minecraft:gray_wool":2,"tconstruct:seared_melter":3,"alexscaves:cave_map":1,"minecraft:black_wool":2,"minecraft:dark_oak_wood":5,"minecraft:coal":170,"minecraft:ender_pearl":12},"minecraft:custom":{"minecraft:interact_with_crafting_table":74,"minecraft:open_barrel":13,"minecraft:leave_game":6,"minecraft:time_since_death":100008,"minecraft:sprint_one_cm":1379609,"minecraft:damage_blocked_by_shield":3660,"minecraft:drop":50,"minecraft:talked_to_villager":7,"minecraft:play_time":621964,"minecraft:deaths":6,"minecraft:jump":6242,"minecraft:walk_on_water_one_cm":162227,"minecraft:interact_with_furnace":86,"minecraft:traded_with_villager":124,"minecraft:interact_with_loom":3,"minecraft:sleep_in_bed":17,"minecraft:damage_dealt":36401,"minecraft:crouch_one_cm":11807,"waystones:waystone_activated":2,"minecraft:interact_with_smoker":17,"minecraft:interact_with_smithing_table":3,"minecraft:mob_kills":230,"minecraft:inspect_hopper":1,"minecraft:climb_one_cm":875,"minecraft:walk_one_cm":2807819,"minecraft:sneak_time":3992,"minecraft:walk_under_water_one_cm":150482,"minecraft:total_world_time":621964,"minecraft:tune_noteblock":2,"minecraft:time_since_rest":48495,"minecraft:damage_taken":6335,"minecraft:trigger_trapped_chest":7,"minecraft:swim_one_cm":53731,"minecraft:fly_one_cm":1358911,"minecraft:open_chest":370,"minecraft:fall_one_cm":128467},"minecraft:killed":{"minecraft:cave_spider":1,"minecraft:spider":8,"minecraft:skeleton":30,"minecraft:chicken":13,"minecraft:silverfish":4,"minecraft:pig":12,"minecraft:zombie_villager":2,"minecraft:salmon":1,"minecraft:creeper":10,"iceandfire:cockatrice":3,"minecraft:sheep":32,"minecraft:trader_llama":2,"minecraft:zombie":61,"minecraft:cow":16,"crittersandcompanions:dragonfly":1,"minecraft:horse":6,"minecraft:drowned":4,"crittersandcompanions:ferret":1,"iceandfire:ghost":11,"minecraft:enderman":6},"minecraft:broken":{"minecraft:stone_pickaxe":2,"minecraft:diamond_shovel":3,"minecraft:wooden_axe":1,"minecraft:stone_shovel":1,"minecraft:iron_hoe":1,"minecraft:stone_sword":2,"minecraft:wooden_pickaxe":1,"minecraft:shield":1,"minecraft:iron_pickaxe":2},"minecraft:mined":{"minecraft:oak_sapling":3,"iceandfire:graveyard_soil":15,"farmersdelight:rich_soil":15,"minecraft:farmland":22,"minecraft:cobblestone_stairs":6,"tconstruct:sky_slime_crystal_block":50,"minecraft:grass_block":5002,"minecraft:coal_block":1,"minecraft:chiseled_stone_bricks":11,"minecraft:spawner":3,"minecraft:tall_seagrass":4,"minecraft:iron_ore":114,"minecraft:cobbled_deepslate":1,"minecraft:fire":8,"minecraft:pumpkin":4,"minecraft:moss_carpet":4,"tconstruct:seared_melter":3,"iceandfire:gold_pile":223,"minecraft:dirt_path":50,"minecraft:iron_bars":75,"farmersdelight:rich_soil_farmland":3,"minecraft:orange_bed":1,"iceandfire:chared_cobblestone":24,"biomesoplenty:jacaranda_leaves":3,"minecraft:deepslate_redstone_ore":39,"farmersdelight:organic_compost":15,"biomesoplenty:wildflower":29,"minecraft:torch":94,"minecraft:dark_oak_wood":5,"minecraft:calcite":27,"minecraft:melon":4,"iceandfire:ghost_chest":1,"minecraft:chest":15,"farmersdelight:cabbages":3,"minecraft:cobblestone":74,"minecraft:oak_planks":9,"minecraft:wall_torch":4,"minecraft:skeleton_skull":2,"minecraft:seagrass":5,"tconstruct:budding_sky_slime_crystal":3,"tconstruct:seared_faucet":8,"minecraft:wheat":10,"minecraft:wither_rose":2,"minecraft:stone_brick_stairs":8,"minecraft:grass":246,"minecraft:oak_log":24,"minecraft:beetroots":3,"minecraft:dark_oak_sapling":1,"minecraft:sand":1,"minecraft:dirt":882,"tconstruct:copper_gauge":1,"tconstruct:seared_heater":1,"minecraft:oak_leaves":47,"minecraft:deepslate":175,"biomesoplenty:reed":1,"iceandfire:chared_stone":27,"iceandfire:lightning_lily":1,"minecraft:diamond_ore":2,"minecraft:tuff":28,"farmersdelight:onions":4,"iceandfire:silver_ore":13,"minecraft:mossy_cobblestone":9,"minecraft:dark_oak_leaves":19,"minecraft:deepslate_diamond_ore":11,"farmersdelight:wild_carrots":11,"biomesoplenty:desert_grass":51,"minecraft:dark_oak_log":3,"minecraft:glow_lichen":1,"tconstruct:modifier_worktable":1,"biomesoplenty:bush":14,"iceandfire:deepslate_silver_ore":5,"farmersdelight:tomatoes":2,"minecraft:large_fern":2,"minecraft:hay_block":48,"minecraft:redstone_ore":11,"minecraft:spruce_sapling":1,"minecraft:furnace":3,"minecraft:carrots":8,"minecraft:jungle_sapling":7,"treechop:chopped_log":95,"minecraft:peony":31,"minecraft:potatoes":1,"minecraft:deepslate_iron_ore":44,"minecraft:cobblestone_slab":3,"minecraft:vine":23,"minecraft:lantern":1,"crittersandcompanions:silk_cocoon":1,"biomesoplenty:barley":36,"minecraft:stone":566,"minecraft:stone_brick_slab":17,"minecraft:spruce_door":1,"minecraft:crafting_table":11,"minecraft:emerald_ore":40,"minecraft:rose_bush":28,"minecraft:stone_slab":3,"farmersdelight:onion_crate":1,"minecraft:copper_ore":46,"minecraft:tall_grass":23,"tconstruct:seared_casting_tank":2,"minecraft:deepslate_gold_ore":35,"minecraft:lapis_ore":7,"minecraft:coarse_dirt":37,"minecraft:spruce_log":108,"minecraft:yellow_bed":1,"minecraft:coal_ore":106,"minecraft:gravel":49,"minecraft:cobweb":58,"minecraft:cracked_stone_bricks":40,"minecraft:stone_bricks":35,"minecraft:mossy_stone_bricks":7,"minecraft:gold_ore":3,"minecraft:fern":4,"minecraft:infested_stone":4}},"DataVersion":3465}