{"stats":{"minecraft:dropped":{"minecraft:bread":64,"minecraft:cooked_beef":1,"minecraft:mossy_cobblestone":1,"minecraft:cobblestone":86,"minecraft:lantern":1,"minecraft:rail":2,"minecraft:dirt":1,"minecraft:torch":4,"minecraft:iron_pickaxe":1,"minecraft:golden_chestplate":2,"minecraft:cobbled_deepslate":14,"minecraft:tuff":28,"farmersdelight:cabbage_seeds":14,"minecraft:rotten_flesh":2,"minecraft:oak_planks":3,"minecraft:filled_map":1,"tconstruct:pickadze":1,"minecraft:spider_eye":3,"minecraft:stone_pickaxe":2,"minecraft:beef":13,"tconstruct:dagger":1},"minecraft:custom":{"minecraft:mob_kills":84,"minecraft:interact_with_crafting_table":33,"minecraft:open_barrel":11,"minecraft:leave_game":4,"minecraft:time_since_death":87091,"minecraft:climb_one_cm":712,"minecraft:sprint_one_cm":333147,"minecraft:walk_one_cm":581487,"minecraft:damage_blocked_by_shield":1530,"minecraft:drop":24,"minecraft:play_time":172990,"minecraft:deaths":2,"minecraft:sneak_time":484,"minecraft:walk_under_water_one_cm":12178,"minecraft:jump":1815,"minecraft:walk_on_water_one_cm":22595,"minecraft:total_world_time":172990,"minecraft:interact_with_furnace":58,"minecraft:interact_with_loom":2,"minecraft:sleep_in_bed":2,"minecraft:time_since_rest":28612,"minecraft:damage_taken":2233,"minecraft:trigger_trapped_chest":1,"minecraft:damage_dealt":12560,"minecraft:swim_one_cm":36134,"minecraft:fly_one_cm":261079,"minecraft:open_chest":66,"minecraft:crouch_one_cm":1826,"minecraft:fall_one_cm":45268},"minecraft:crafted":{"tconstruct:pattern":21,"minecraft:oak_planks":148,"minecraft:coal":9,"minecraft:stone_shovel":1,"tconstruct:part_builder":1,"minecraft:furnace":4,"tconstruct:broad_blade":1,"tconstruct:pick_head":1,"tconstruct:tool_binding":1,"tconstruct:tinker_station":1,"tconstruct:adze_head":1,"minecraft:iron_boots":1,"tconstruct:tinkers_chest":1,"minecraft:stone_pickaxe":3,"minecraft:chest":9,"minecraft:wheat":423,"minecraft:cooked_beef":12,"tconstruct:small_blade":2,"minecraft:cooked_porkchop":8,"minecraft:crafting_table":3,"tconstruct:part_chest":1,"minecraft:wooden_pickaxe":1,"minecraft:iron_helmet":1,"minecraft:iron_sword":1,"tconstruct:tool_handle":4,"minecraft:copper_ingot":64,"minecraft:bucket":1,"minecraft:stone_axe":1,"tconstruct:pickadze":1,"minecraft:bread":141,"minecraft:air":0,"tconstruct:sword":1,"tconstruct:dagger":2,"minecraft:iron_chestplate":1,"minecraft:diamond_pickaxe":1,"minecraft:shield":1,"minecraft:stick":40,"minecraft:iron_ingot":190,"minecraft:iron_pickaxe":1,"minecraft:wooden_axe":1,"minecraft:stone_sword":2,"minecraft:gold_ingot":64,"minecraft:iron_leggings":1,"minecraft:torch":108},"minecraft:mined":{"minecraft:tuff":28,"farmersdelight:onions":4,"farmersdelight:rich_soil":6,"minecraft:mossy_cobblestone":1,"iceandfire:silver_ore":13,"minecraft:deepslate_diamond_ore":11,"farmersdelight:wild_carrots":11,"tconstruct:sky_slime_crystal_block":50,"biomesoplenty:desert_grass":2,"minecraft:glow_lichen":1,"biomesoplenty:bush":2,"minecraft:grass_block":13,"iceandfire:deepslate_silver_ore":5,"minecraft:coal_block":1,"farmersdelight:tomatoes":2,"minecraft:spawner":3,"minecraft:hay_block":48,"minecraft:redstone_ore":11,"minecraft:furnace":3,"minecraft:carrots":8,"minecraft:cobbled_deepslate":1,"minecraft:iron_ore":114,"minecraft:fire":6,"minecraft:moss_carpet":4,"treechop:chopped_log":6,"minecraft:dirt_path":1,"minecraft:potatoes":1,"minecraft:deepslate_iron_ore":44,"minecraft:vine":2,"minecraft:lantern":1,"crittersandcompanions:silk_cocoon":1,"minecraft:stone":323,"minecraft:deepslate_redstone_ore":39,"farmersdelight:organic_compost":12,"minecraft:crafting_table":10,"minecraft:torch":10,"minecraft:calcite":27,"minecraft:chest":1,"minecraft:rose_bush":28,"minecraft:copper_ore":46,"minecraft:cobblestone":5,"minecraft:deepslate_gold_ore":35,"minecraft:lapis_ore":2,"minecraft:oak_planks":9,"minecraft:wall_torch":3,"tconstruct:budding_sky_slime_crystal":3,"minecraft:wheat":9,"minecraft:yellow_bed":1,"minecraft:grass":30,"minecraft:coal_ore":93,"minecraft:beetroots":3,"minecraft:gravel":49,"minecraft:dirt":42,"minecraft:cobweb":56,"minecraft:oak_leaves":4,"minecraft:deepslate":175},"minecraft:used":{"minecraft:moss_carpet":3,"minecraft:stone_sword":261,"minecraft:stone_shovel":78,"minecraft:chest":7,"minecraft:shield":26,"minecraft:iron_sword":58,"minecraft:cooked_chicken":5,"simpletomb:grave_key":9,"minecraft:torch":139,"minecraft:dirt":21,"minecraft:carrot":5,"minecraft:golden_chestplate":1,"minecraft:wooden_axe":105,"minecraft:lantern":1,"tconstruct:tinker_station":1,"minecraft:iron_boots":1,"minecraft:oak_sapling":5,"minecraft:furnace":7,"travelersbackpack:sponge":2,"minecraft:egg":2,"minecraft:cooked_beef":4,"tconstruct:part_builder":1,"minecraft:cobbled_deepslate":56,"minecraft:water_bucket":27,"minecraft:stone_pickaxe":316,"minecraft:oak_planks":2,"minecraft:wooden_pickaxe":59,"minecraft:crafting_table":10,"tconstruct:dagger":1,"minecraft:diamond_pickaxe":317,"minecraft:bread":29,"minecraft:iron_pickaxe":368,"tconstruct:part_chest":1,"minecraft:gravel":34,"tconstruct:tinkers_chest":1,"minecraft:stone_axe":48,"minecraft:cobblestone":132,"minecraft:bucket":28,"minecraft:yellow_bed":1,"minecraft:wither_rose":1,"alexsmobs:animal_dictionary":2},"minecraft:picked_up":{"minecraft:crafting_table":10,"minecraft:chicken":5,"tconstruct:materials_and_you":1,"alexscaves:cave_tablet":1,"minecraft:wither_rose":1,"minecraft:enchanted_book":2,"minecraft:string":63,"minecraft:moss_carpet":3,"minecraft:raw_copper":152,"minecraft:cobbled_deepslate":176,"minecraft:beef":36,"minecraft:rose_bush":54,"minecraft:calcite":25,"minecraft:iron_pickaxe":1,"minecraft:coal_block":1,"minecraft:chest":1,"farmersdelight:cabbage_seeds":14,"minecraft:egg":2,"minecraft:furnace":3,"minecraft:stick":44,"minecraft:raw_iron":157,"minecraft:torch":15,"minecraft:porkchop":8,"farmersdelight:tomato_seeds":2,"minecraft:redstone":219,"minecraft:carrot":21,"minecraft:golden_chestplate":3,"travelersbackpack:sponge":1,"minecraft:arrow":6,"minecraft:rotten_flesh":35,"minecraft:stone_sword":1,"minecraft:stone_shovel":1,"minecraft:beetroot_seeds":3,"minecraft:peony":1,"farmersdelight:onion":4,"crittersandcompanions:silk":4,"minecraft:hay_block":47,"minecraft:mutton":13,"minecraft:iron_bars":1,"minecraft:cobblestone":343,"minecraft:rail":2,"minecraft:white_wool":9,"farmersdelight:rich_soil":6,"minecraft:feather":12,"minecraft:cooked_beef":3,"minecraft:salmon":2,"minecraft:leather":24,"minecraft:potato":1,"minecraft:flint":6,"minecraft:tuff":28,"minecraft:oak_log":126,"minecraft:paper":1,"minecraft:yellow_bed":1,"minecraft:gunpowder":2,"tconstruct:sky_slime_crystal_block":50,"minecraft:lantern":2,"minecraft:lapis_lazuli":5,"minecraft:dirt":109,"farmersdelight:organic_compost":12,"minecraft:bone":5,"minecraft:apple":14,"minecraft:wheat_seeds":18,"minecraft:raw_gold":35,"minecraft:stone_pickaxe":2,"minecraft:iron_ingot":4,"minecraft:cooked_chicken":5,"minecraft:oak_planks":35,"minecraft:gravel":54,"minecraft:ink_sac":3,"alexsmobs:animal_dictionary":1,"minecraft:spider_eye":3,"minecraft:mossy_cobblestone":2,"minecraft:diamond":15,"minecraft:stone_axe":1,"alexscaves:cave_map":1,"minecraft:oak_sapling":49,"minecraft:coal":102,"iceandfire:raw_silver":18},"minecraft:broken":{"minecraft:stone_sword":2,"minecraft:wooden_pickaxe":1,"minecraft:stone_pickaxe":2,"minecraft:iron_pickaxe":2,"minecraft:wooden_axe":1},"minecraft:killed":{"minecraft:cave_spider":1,"minecraft:spider":4,"crittersandcompanions:dragonfly":1,"minecraft:skeleton":6,"minecraft:horse":4,"alexsmobs:blue_jay":1,"minecraft:chicken":5,"minecraft:pig":4,"minecraft:zombie_villager":1,"crittersandcompanions:ferret":1,"minecraft:salmon":1,"minecraft:creeper":1,"minecraft:sheep":8,"minecraft:zombie":26,"iceandfire:ghost":5,"alexsmobs:terrapin":1,"alexsmobs:gazelle":1,"minecraft:cow":11}},"DataVersion":3465}