{
  "travelersbackpack:standard_from_custom": {
    "criteria": {
      "has_the_recipe": "2024-10-24 18:49:16 +0000"
    },
    "done": true
  },
  "minecraft:adventure/adventuring_time": {
    "criteria": {
      "minecraft:taiga": "2024-10-25 18:58:08 +0000",
      "minecraft:birch_forest": "2024-10-25 18:44:11 +0000",
      "minecraft:beach": "2024-10-24 19:15:50 +0000",
      "minecraft:dark_forest": "2024-10-25 18:46:27 +0000",
      "minecraft:river": "2024-10-25 18:40:56 +0000",
      "minecraft:stony_shore": "2024-10-25 19:06:55 +0000",
      "minecraft:grove": "2024-10-25 18:57:31 +0000",
      "minecraft:forest": "2024-10-24 18:51:36 +0000",
      "minecraft:windswept_savanna": "2024-10-24 19:18:23 +0000",
      "minecraft:old_growth_birch_forest": "2024-10-24 18:49:16 +0000"
    },
    "done": false
  },
  "scguns:main/root": {
    "criteria": {
      "gun": "2024-10-24 18:55:13 +0000"
    },
    "done": true
  },
  "minecraft:adventure/root": {
    "criteria": {
      "killed_by_something": "2024-10-24 18:55:52 +0000"
    },
    "done": true
  },
  "minecraft:story/root": {
    "criteria": {
      "crafting_table": "2024-10-24 19:17:46 +0000"
    },
    "done": true
  },
  "minecraft:story/mine_stone": {
    "criteria": {
      "get_stone": "2024-10-24 19:18:25 +0000"
    },
    "done": true
  },
  "minecraft:story/upgrade_tools": {
    "criteria": {
      "stone_pickaxe": "2024-10-24 19:18:37 +0000"
    },
    "done": true
  },
  "minecraft:story/smelt_iron": {
    "criteria": {
      "iron": "2024-10-25 18:01:32 +0000"
    },
    "done": true
  },
  "minecraft:story/iron_tools": {
    "criteria": {
      "iron_pickaxe": "2024-10-25 18:02:07 +0000"
    },
    "done": true
  },
  "minecraft:husbandry/root": {
    "criteria": {
      "consumed_item": "2024-10-25 18:21:13 +0000"
    },
    "done": true
  },
  "minecraft:adventure/kill_all_mobs": {
    "criteria": {
      "minecraft:zoglin": "2024-10-26 16:03:38 +0000",
      "minecraft:zombified_piglin": "2024-10-25 19:10:29 +0000",
      "minecraft:husk": "2024-10-26 16:04:56 +0000",
      "minecraft:zombie": "2024-10-25 18:44:46 +0000",
      "minecraft:drowned": "2024-10-25 18:32:08 +0000"
    },
    "done": false
  },
  "minecraft:adventure/kill_a_mob": {
    "criteria": {
      "minecraft:drowned": "2024-10-25 18:32:08 +0000"
    },
    "done": true
  },
  "minecraft:story/mine_diamond": {
    "criteria": {
      "diamond": "2024-10-25 18:32:20 +0000"
    },
    "done": true
  },
  "minecraft:husbandry/balanced_diet": {
    "criteria": {
      "honey_bottle": "2024-10-25 19:04:46 +0000",
      "cooked_mutton": "2024-10-25 19:05:43 +0000",
      "sweet_berries": "2024-10-25 19:12:51 +0000",
      "cooked_beef": "2024-10-25 18:40:23 +0000",
      "beef": "2024-10-25 18:38:24 +0000",
      "rotten_flesh": "2024-10-25 18:33:07 +0000"
    },
    "done": false
  },
  "scguns:main/gunpowder": {
    "criteria": {
      "gunpowder": "2024-10-25 18:38:30 +0000"
    },
    "done": true
  },
  "scguns:main/copper_blueprint": {
    "criteria": {
      "copper_blueprint": "2024-10-25 18:38:30 +0000"
    },
    "done": true
  },
  "minecraft:adventure/sleep_in_bed": {
    "criteria": {
      "slept_in_bed": "2024-10-25 18:47:14 +0000"
    },
    "done": true
  },
  "minecraft:story/deflect_arrow": {
    "criteria": {
      "deflected_projectile": "2024-10-25 19:15:23 +0000"
    },
    "done": true
  },
  "DataVersion": 3465
}