{
  "travelersbackpack:standard_from_custom": {
    "criteria": {
      "has_the_recipe": "2024-10-24 18:49:16 +0000"
    },
    "done": true
  },
  "minecraft:adventure/adventuring_time": {
    "criteria": {
      "minecraft:forest": "2024-10-24 18:51:36 +0000",
      "minecraft:old_growth_birch_forest": "2024-10-24 18:49:16 +0000"
    },
    "done": false
  },
  "scguns:main/root": {
    "criteria": {
      "gun": "2024-10-24 18:55:13 +0000"
    },
    "done": true
  },
  "minecraft:adventure/root": {
    "criteria": {
      "killed_by_something": "2024-10-24 18:55:52 +0000"
    },
    "done": true
  },
  "DataVersion": 3465
}