{
  "travelersbackpack:standard_from_custom": {
    "criteria": {
      "has_the_recipe": "2024-10-23 22:06:44 +0000"
    },
    "done": true
  },
  "minecraft:adventure/adventuring_time": {
    "criteria": {
      "minecraft:snowy_slopes": "2024-10-24 04:09:30 +0000",
      "minecraft:old_growth_pine_taiga": "2024-10-23 22:11:58 +0000",
      "minecraft:taiga": "2024-10-23 22:13:45 +0000",
      "minecraft:cherry_grove": "2024-10-24 04:09:14 +0000",
      "minecraft:birch_forest": "2024-10-23 22:12:55 +0000",
      "minecraft:savanna_plateau": "2024-10-24 04:23:20 +0000",
      "minecraft:beach": "2024-10-23 22:07:41 +0000",
      "minecraft:dark_forest": "2024-10-23 22:11:36 +0000",
      "minecraft:river": "2024-10-24 04:16:07 +0000",
      "minecraft:forest": "2024-10-24 04:16:53 +0000",
      "minecraft:lush_caves": "2024-10-23 23:03:36 +0000",
      "minecraft:old_growth_birch_forest": "2024-10-23 22:06:47 +0000",
      "minecraft:savanna": "2024-10-24 04:21:27 +0000",
      "minecraft:plains": "2024-10-24 04:12:12 +0000"
    },
    "done": false
  },
  "scguns:main/root": {
    "criteria": {
      "gun": "2024-10-23 22:06:59 +0000"
    },
    "done": true
  },
  "minecraft:story/root": {
    "criteria": {
      "crafting_table": "2024-10-23 22:08:36 +0000"
    },
    "done": true
  },
  "minecraft:adventure/root": {
    "criteria": {
      "killed_something": "2024-10-23 22:08:45 +0000"
    },
    "done": true
  },
  "minecraft:story/mine_stone": {
    "criteria": {
      "get_stone": "2024-10-23 22:10:43 +0000"
    },
    "done": true
  },
  "minecraft:story/upgrade_tools": {
    "criteria": {
      "stone_pickaxe": "2024-10-23 22:10:56 +0000"
    },
    "done": true
  },
  "minecraft:husbandry/balanced_diet": {
    "criteria": {
      "cooked_mutton": "2024-10-23 22:23:57 +0000",
      "cooked_beef": "2024-10-23 22:39:17 +0000",
      "mutton": "2024-10-23 22:12:43 +0000",
      "bread": "2024-10-23 22:15:10 +0000",
      "rotten_flesh": "2024-10-23 23:01:58 +0000"
    },
    "done": false
  },
  "minecraft:husbandry/root": {
    "criteria": {
      "consumed_item": "2024-10-23 22:12:43 +0000"
    },
    "done": true
  },
  "scguns:main/gunpowder": {
    "criteria": {
      "gunpowder": "2024-10-23 22:13:55 +0000"
    },
    "done": true
  },
  "scguns:main/craft_gun_bench": {
    "criteria": {
      "gun_bench": "2024-10-23 22:14:10 +0000"
    },
    "done": true
  },
  "minecraft:story/mine_diamond": {
    "criteria": {
      "diamond": "2024-10-23 22:14:45 +0000"
    },
    "done": true
  },
  "minecraft:story/obtain_armor": {
    "criteria": {
      "iron_leggings": "2024-10-23 22:14:47 +0000"
    },
    "done": true
  },
  "minecraft:story/iron_tools": {
    "criteria": {
      "iron_pickaxe": "2024-10-23 22:14:47 +0000"
    },
    "done": true
  },
  "minecraft:adventure/kill_all_mobs": {
    "criteria": {
      "minecraft:zombie": "2024-10-23 22:37:46 +0000",
      "minecraft:drowned": "2024-10-24 03:29:52 +0000",
      "minecraft:zombie_villager": "2024-10-24 17:32:54 +0000"
    },
    "done": false
  },
  "minecraft:adventure/kill_a_mob": {
    "criteria": {
      "minecraft:zombie": "2024-10-23 22:37:46 +0000"
    },
    "done": true
  },
  "minecraft:adventure/sleep_in_bed": {
    "criteria": {
      "slept_in_bed": "2024-10-23 23:05:39 +0000"
    },
    "done": true
  },
  "minecraft:story/smelt_iron": {
    "criteria": {
      "iron": "2024-10-23 23:08:49 +0000"
    },
    "done": true
  },
  "scguns:main/sulfur_chunk": {
    "criteria": {
      "sulfur_chunk": "2024-10-24 03:38:58 +0000"
    },
    "done": true
  },
  "scguns:main/copper_blueprint": {
    "criteria": {
      "copper_blueprint": "2024-10-24 03:55:02 +0000"
    },
    "done": true
  },
  "DataVersion": 3465
}