{
  "travelersbackpack:standard_from_custom": {
    "criteria": {
      "has_the_recipe": "2024-10-23 22:06:44 +0000"
    },
    "done": true
  },
  "minecraft:adventure/adventuring_time": {
    "criteria": {
      "minecraft:snowy_slopes": "2024-10-24 04:09:30 +0000",
      "minecraft:old_growth_pine_taiga": "2024-10-23 22:11:58 +0000",
      "minecraft:taiga": "2024-10-23 22:13:45 +0000",
      "minecraft:frozen_river": "2024-10-26 17:47:08 +0000",
      "quark:glimmering_weald": "2024-10-24 22:13:43 +0000",
      "minecraft:cherry_grove": "2024-10-24 04:09:14 +0000",
      "minecraft:birch_forest": "2024-10-23 22:12:55 +0000",
      "minecraft:windswept_hills": "2024-10-24 21:00:14 +0000",
      "minecraft:savanna_plateau": "2024-10-24 04:23:20 +0000",
      "minecraft:beach": "2024-10-23 22:07:41 +0000",
      "minecraft:dark_forest": "2024-10-23 22:11:36 +0000",
      "minecraft:mangrove_swamp": "2024-10-24 21:04:06 +0000",
      "minecraft:river": "2024-10-24 04:16:07 +0000",
      "minecraft:snowy_plains": "2024-10-26 17:44:44 +0000",
      "minecraft:dripstone_caves": "2024-10-24 22:00:56 +0000",
      "minecraft:snowy_taiga": "2024-10-26 17:46:58 +0000",
      "minecraft:swamp": "2024-10-24 21:00:30 +0000",
      "minecraft:grove": "2024-10-26 15:35:42 +0000",
      "minecraft:forest": "2024-10-24 04:16:53 +0000",
      "minecraft:lush_caves": "2024-10-23 23:03:36 +0000",
      "minecraft:windswept_savanna": "2024-10-24 20:59:46 +0000",
      "minecraft:frozen_peaks": "2024-10-26 15:35:45 +0000",
      "minecraft:old_growth_birch_forest": "2024-10-23 22:06:47 +0000",
      "minecraft:deep_dark": "2024-10-26 18:15:26 +0000",
      "minecraft:meadow": "2024-10-26 15:38:40 +0000",
      "minecraft:savanna": "2024-10-24 04:21:27 +0000",
      "minecraft:plains": "2024-10-24 04:12:12 +0000"
    },
    "done": false
  },
  "scguns:main/root": {
    "criteria": {
      "gun": "2024-10-23 22:06:59 +0000"
    },
    "done": true
  },
  "minecraft:story/root": {
    "criteria": {
      "crafting_table": "2024-10-23 22:08:36 +0000"
    },
    "done": true
  },
  "minecraft:adventure/root": {
    "criteria": {
      "killed_something": "2024-10-23 22:08:45 +0000"
    },
    "done": true
  },
  "minecraft:story/mine_stone": {
    "criteria": {
      "get_stone": "2024-10-23 22:10:43 +0000"
    },
    "done": true
  },
  "minecraft:story/upgrade_tools": {
    "criteria": {
      "stone_pickaxe": "2024-10-23 22:10:56 +0000"
    },
    "done": true
  },
  "minecraft:husbandry/balanced_diet": {
    "criteria": {
      "cooked_mutton": "2024-10-23 22:23:57 +0000",
      "cooked_beef": "2024-10-23 22:39:17 +0000",
      "porkchop": "2024-10-24 21:06:11 +0000",
      "mutton": "2024-10-23 22:12:43 +0000",
      "bread": "2024-10-23 22:15:10 +0000",
      "rotten_flesh": "2024-10-23 23:01:58 +0000"
    },
    "done": false
  },
  "minecraft:husbandry/root": {
    "criteria": {
      "consumed_item": "2024-10-23 22:12:43 +0000"
    },
    "done": true
  },
  "scguns:main/gunpowder": {
    "criteria": {
      "gunpowder": "2024-10-23 22:13:55 +0000"
    },
    "done": true
  },
  "scguns:main/craft_gun_bench": {
    "criteria": {
      "gun_bench": "2024-10-23 22:14:10 +0000"
    },
    "done": true
  },
  "minecraft:story/mine_diamond": {
    "criteria": {
      "diamond": "2024-10-23 22:14:45 +0000"
    },
    "done": true
  },
  "minecraft:story/obtain_armor": {
    "criteria": {
      "iron_leggings": "2024-10-23 22:14:47 +0000"
    },
    "done": true
  },
  "minecraft:story/iron_tools": {
    "criteria": {
      "iron_pickaxe": "2024-10-23 22:14:47 +0000"
    },
    "done": true
  },
  "minecraft:adventure/kill_all_mobs": {
    "criteria": {
      "minecraft:zoglin": "2024-10-25 19:11:52 +0000",
      "minecraft:creeper": "2024-10-24 21:40:46 +0000",
      "minecraft:zombified_piglin": "2024-10-25 19:11:24 +0000",
      "minecraft:husk": "2024-10-24 22:23:30 +0000",
      "minecraft:stray": "2024-10-25 19:13:56 +0000",
      "minecraft:endermite": "2024-10-25 04:26:19 +0000",
      "minecraft:zombie": "2024-10-23 22:37:46 +0000",
      "minecraft:drowned": "2024-10-24 03:29:52 +0000",
      "minecraft:zombie_villager": "2024-10-24 17:32:54 +0000"
    },
    "done": false
  },
  "minecraft:adventure/kill_a_mob": {
    "criteria": {
      "minecraft:zombie": "2024-10-23 22:37:46 +0000"
    },
    "done": true
  },
  "minecraft:adventure/sleep_in_bed": {
    "criteria": {
      "slept_in_bed": "2024-10-23 23:05:39 +0000"
    },
    "done": true
  },
  "minecraft:story/smelt_iron": {
    "criteria": {
      "iron": "2024-10-23 23:08:49 +0000"
    },
    "done": true
  },
  "scguns:main/sulfur_chunk": {
    "criteria": {
      "sulfur_chunk": "2024-10-24 03:38:58 +0000"
    },
    "done": true
  },
  "scguns:main/copper_blueprint": {
    "criteria": {
      "copper_blueprint": "2024-10-24 03:55:02 +0000"
    },
    "done": true
  },
  "scguns:main/craft_stamping_press": {
    "criteria": {
      "stamping_press": "2024-10-24 17:44:45 +0000"
    },
    "done": true
  },
  "scguns:main/anthralite": {
    "criteria": {
      "anthralite_ingot": "2024-10-24 17:58:41 +0000"
    },
    "done": true
  },
  "scguns:main/craft_blank_mold": {
    "criteria": {
      "blank_mold": "2024-10-24 17:58:45 +0000"
    },
    "done": true
  },
  "scguns:main/craft_disc_mold": {
    "criteria": {
      "disc_mold": "2024-10-24 17:58:55 +0000"
    },
    "done": true
  },
  "minecraft:story/lava_bucket": {
    "criteria": {
      "lava_bucket": "2024-10-24 18:05:08 +0000"
    },
    "done": true
  },
  "scguns:main/craft_lightning_battery": {
    "criteria": {
      "lightning_battery": "2024-10-24 18:08:19 +0000"
    },
    "done": true
  },
  "scguns:main/craft_macerator": {
    "criteria": {
      "macerator": "2024-10-24 18:37:30 +0000"
    },
    "done": true
  },
  "scguns:main/craft_lightning_rod_connector": {
    "criteria": {
      "lightning_rod_connector": "2024-10-24 18:56:48 +0000"
    },
    "done": true
  },
  "scguns:main/craft_powered_macerator": {
    "criteria": {
      "powered_macerator": "2024-10-24 19:55:39 +0000"
    },
    "done": true
  },
  "scguns:main/craft_powered_stamping_press": {
    "criteria": {
      "powered_stamping_press": "2024-10-24 19:57:00 +0000"
    },
    "done": true
  },
  "scguns:main/craft_polar_generator": {
    "criteria": {
      "polar_generator": "2024-10-24 20:04:13 +0000"
    },
    "done": true
  },
  "minecraft:story/form_obsidian": {
    "criteria": {
      "obsidian": "2024-10-24 21:02:39 +0000"
    },
    "done": true
  },
  "scguns:main/craft_gun_parts_mold": {
    "criteria": {
      "gun_parts_mold": "2024-10-24 21:35:51 +0000"
    },
    "done": true
  },
  "scguns:main/copper/rusty_gnat": {
    "criteria": {
      "rusty_gnat": "2024-10-24 21:37:04 +0000"
    },
    "done": true
  },
  "scguns:main/craft_small_casing_mold": {
    "criteria": {
      "small_casing_mold": "2024-10-24 21:37:55 +0000"
    },
    "done": true
  },
  "scguns:main/blackpowder/flintlock_pistol": {
    "criteria": {
      "flintlock_pistol": "2024-10-24 22:09:38 +0000"
    },
    "done": true
  },
  "minecraft:story/enchant_item": {
    "criteria": {
      "enchanted_item": "2024-10-25 03:05:38 +0000"
    },
    "done": true
  },
  "quark:mine_toretoise": {
    "criteria": {
      "mine_toretoise": "2024-10-25 18:17:03 +0000"
    },
    "done": true
  },
  "scguns:main/blackpowder/musket": {
    "criteria": {
      "musket": "2024-10-25 18:47:05 +0000"
    },
    "done": true
  },
  "minecraft:story/shiny_gear": {
    "criteria": {
      "diamond_helmet": "2024-10-26 15:30:01 +0000"
    },
    "done": true
  },
  "scguns:main/niter_dust": {
    "criteria": {
      "niter_dust": "2024-10-26 17:26:47 +0000"
    },
    "done": true
  },
  "scguns:main/diamond_steel": {
    "criteria": {
      "diamond_steel_ingot": "2024-10-26 17:36:13 +0000"
    },
    "done": true
  },
  "minecraft:nether/obtain_crying_obsidian": {
    "criteria": {
      "crying_obsidian": "2024-10-26 17:51:16 +0000"
    },
    "done": true
  },
  "scguns:main/treated_brass/waltz_conversion": {
    "criteria": {
      "waltz_conversion": "2024-10-26 17:56:10 +0000"
    },
    "done": true
  },
  "scguns:main/peal": {
    "criteria": {
      "peal": "2024-10-26 18:09:50 +0000"
    },
    "done": true
  },
  "minecraft:adventure/avoid_vibration": {
    "criteria": {
      "avoid_vibration": "2024-10-26 18:10:03 +0000"
    },
    "done": true
  },
  "scguns:main/iron/greaser_smg": {
    "criteria": {
      "greaser_smg": "2024-10-26 18:16:15 +0000"
    },
    "done": true
  },
  "scguns:main/deep_dark_blueprint": {
    "criteria": {
      "deep_dark_blueprint": "2024-10-26 18:17:24 +0000"
    },
    "done": true
  },
  "scguns:main/diamond_steel_blueprint": {
    "criteria": {
      "diamond_steel_blueprint": "2024-10-26 18:19:06 +0000"
    },
    "done": true
  },
  "scguns:main/diamond_steel/lockewood": {
    "criteria": {
      "lockewood": "2024-10-26 18:30:51 +0000"
    },
    "done": true
  },
  "minecraft:adventure/trade": {
    "criteria": {
      "traded": "2024-10-26 20:26:13 +0000"
    },
    "done": true
  },
  "scguns:main/craft_large_casing_mold": {
    "criteria": {
      "large_casing_mold": "2024-10-26 20:07:17 +0000"
    },
    "done": true
  },
  "DataVersion": 3465
}