{
  "minecraft:adventure/root": {
    "criteria": {
      "killed_something": "2024-10-24 22:44:50 +0000"
    },
    "done": true
  },
  "scguns:main/root": {
    "criteria": {
      "gun": "2024-10-24 22:44:50 +0000"
    },
    "done": true
  },
  "travelersbackpack:standard_from_custom": {
    "criteria": {
      "has_the_recipe": "2024-10-24 22:42:36 +0000"
    },
    "done": true
  },
  "minecraft:adventure/adventuring_time": {
    "criteria": {
      "minecraft:beach": "2024-10-24 22:50:35 +0000",
      "minecraft:forest": "2024-10-24 22:50:33 +0000",
      "minecraft:old_growth_birch_forest": "2024-10-24 22:42:37 +0000"
    },
    "done": false
  },
  "DataVersion": 3465
}